Title,Lyrics
Korrupt,"De tror, vi bli'r bange lige så snart, at de kommer Hænderne på væggen imens de tømmer vores lommer Men der intet på mig, de kan glemm' at de får mig Glem alt om at få mig De tror, vi bli'r bange lige så snart, at de kommer Hænderne på væggen imens de tømmer vores lommer Men der intet på mig, de kan glemm' at de får mig Glem alt om at få mig Korrupte autoriteter på vores sidegader (sidegader) Blå uniformer, hvide biler på hvide plader (hvide plader) Holder lov og orden til man zapper væk Lad nogle kriminelle gøre deres ting, så længe de snakker let Konfisker dine ting, hvis ikke du samarbejder (samarbejder) Og giver nogle navne til dem fra de samme rækker (sammen rækker) Stå til seks måneder for så at blive vist ud Men otte uger efter kan du gå rund på fri fod Ser igennem fingrene med visse ting (ting) Hvis betjenten er korrupt, så kan I sikkert enes (sikkert enes) Piller dig fra hinanden, kun hvis ikk' de ka' ramme dig Den korrupte verden laver korruption i dine tanker Fuck at vente på retfærdighed i verden, den her verden er min Perker for politiet eller perler for svin (perler for svin) Hvis folk vil bruge beskidte kneb Er vi kvitte næste gang vi ses - det' en aftale"
Ren Hygge Pt. 2,"Whoop, whoop Det den der to 00'er, 22 to 00'er Raaa 100 % ren hyggen op i den her Ring til nogen banaat før du for en flad 100 & ren hygge op i den her Ring til nogen banaat før du for en flad Fredag aften kl. 22:00 Kigger gennem telefonbogen Lak ring til nogen bannat før du en flad Hør! Jeg drikker ikke, jeg ryger ikke men Hva' så det gør de andre Jeg bare høj på naturlige brændstoffer Har ramt toppen, ren hygge op i huset Af samme type for en uge siden Hvem har inviteret de her damer her? For fem minutter efter var der ingen der følte sig malplaceret En travl mand, jeg har mange ting kørende Behagelig samtale, kører den samme ring i ørerne Det er især når de ser mig, at de servicer' mig Når de er under mine standard og ikke verificerbar Hvordan kan det være? Det må være defineret klart Det for svært - hun virker særligt interesseret i mig Ved ikke hvad de ser i mig Men vi sidder her i flere timer Lige pludselig jeg smiler og hende der Jeg misser ligeså fint - men hende der Laver klister ligesom lim - laks stil Du ved hvordan vi gør det her Flyver ligesom ørnefjer, piger tror vi skørtejægere Omgivet af brødre og banats Indvandrer og nogle af vores danske shebabs"
FOCK DIG,"Yeah Du fortjener altid en sviner Yeah Fuck dig, du ødelægger indvandrenes ry (Whoop) Fuck dig, du' ikk' en af os - du' helt ny Fuck dig, hvordan taler vi det samme sprog? Lak, fuck dig, du lyver over for de små (Fucking [hanzo]) Fuck dig, hver eneste kron' du har lavet (Woo) Hver eneste kron' du har lavet, ka' ikk' køb' dig den tid på gaden, hører du? Lak, fuck dig, du får det aldrig for let Du står aldrig med de ægte, du får aldrig den respekt, hører du? Fuck dig, du stak mig og løb væk (Bvadr) Fuck dig, du fik hvad, du fortjent' (Pff) Fuck dig, nu' der opsejl' til noget fucked up Noget buckwild, tough love, hva' vil du gøre, når det' drop, drop, drop? Fuck dig, for du lod en pige kom' imellem os Fuck dig, for du' blød i midten som Mentos Fuck dig, gå hen og tag din [?] Lak, fuck dig, du' ikk' en rigtig mand [?] Fuck dig, vi husker det der for evigt (Yeah) Så fuck dig for evigt, og den der fuck-dreng-forening, jeg sværger Fuck dig, du' en lusket type, og jeg ved det (Fuck dig) Fuck dig, din [?] (Drop, drop, drop) Fuck dig, de schlejdet piger, du' nede med Du har ingen respekt for dig selv Prøv at kom, få det af os [?] Fuck dig, vi kører gennem byen, rød bølge Lak, fuck dig, din araba og dit følge Fuck dig, du fortjener altid en sviner Fuck dig, står på gerningsstedet og griner (Uff) Fuck dig, ka' ikk' gem' dig bag ved systemet En flad her, en buks der, måske en lille forseelse, hva' så? Fuck dig, kontrakten er hermed annulleret AMRO er gået selvstændigt, er lige annonceret Så fuck dig, du får alt serveret Før nogen når at bli' alarmeret Din fucking tegning, du' animeret Fuck med os og bli' maltrakteret Fuck dig, for du fanger os, når vi' overgearet Går over gærdet, hvor det' lavest Så fuck dig, du ka' få, hva' der haves Du ka' få to-tre buks flyvende og stå med dit kaos Du ka' få en verbal buks, lås dig ind' på dit værels' Fuck dig, du' ikk' ligesom os, af den sam' sort Ingen våben, vi sender drengene til kampsport yallah Akhoj, jeg ta'r 16 for dig Akhoj, jeg ta'r 16 for dig Det' ligemeget, hvor du' fra, men 22, to nuller"
Folket,"Vi har håndjern på, og bli'r holdt ned' Røde mærker på vores håndled Man binder os på mund og hånd Do-do-do De ka' holde os tilbage en hel nat Og sige, vi ikk' har ret til at udtales os - klask Man kan ikk' dræb' vores ånd Do-do-do-do Na-na-na-na, na-na-na-na Man binder os på mund og hånd, na-na-na-na Na-na-na-na, na-na-na-na, na-na-na-na Det her' vores frirum lige her, beskyttes af os med gevær Bare vi kæmper for det, vi kan li' Bare vi kæmper for det, vi kan li' Med tungt artilleri, na-na-na-na, na-na-na-na Det her' vores frirum lige her, beskyttes af os med gevær Systemet er en robot De har samlet folk på et samlebånd Vi sorte får i en flok Der planlægger et komplot Et styk' papir for deres ær' Vi får respekter herude, hvor vi er Laver baghold på systemet Jagter friheden med gevær Tom snak Vi lægger handling i snakken Slås hver dag Vi væbnet - os mod magten Laver mønt indtil det punkt Vi har drabt dem Vi arbejder hårdt Fra morgen til det' aften"
Guantanamo,"Yeah, ay, de får os låst op ind' i Guantanamo igen, jaer Trykker af nu, skyder til de rammer noget igen, jaer Laver kløfter imellem os og brænder broer igen, jaer Og vi bli'r låst op ind' i Guantanamo igen, jaer Eow, dreng' er rebelske Rykker ting sammen, de ka' sælg' Dreng' har ikk' tid til at sidde i en celle med sig selv Penge, para, fluus, jagter seddel Dreng' er mere skurke end helte Dreng' vil ha' det hel', men er tæt på at mist' alt Dreng' har mest brug for noget hjælp, men Dreng' ka' gøre mer' for at stop' volden blandt deres egen Men de her stædig' dreng' har valgt deres vej Og vi har ikk' brug for flere dreng', der ka' ryk' ud Vi har ikk' brug for flere dreng', der ka' tryk' af Vi har mange farver, men alt blod er rødt Vi har aldrig haft nok dreng' bag vores ryg Mama er altid utryg, bekymret hver nat Spørg': ""Hvor min' drenge hen'? Hvor min' drenge hen'?"" ""Sværger, sidst vi så ham, var han på vej hjem"" Gud ved, hvornår vi ser ham igen Eow, de får os låst op ind' i Guantanamo igen, jaer Trykker af nu, skyder til de rammer noget igen, jaer Laver kløfter imellem os og brænder broer igen, jaer Og vi bli'r låst op ind' i Guantanamo igen, jaer"
Engle & Dæmoner,"Engle og dæmoner og livets komplikationer Blir sat i situationer igennem generationer Engle og dæmoner og livets komplikationer Blir sat i situationer igennem generationer Har et ry for at være en gadedreng, jeg er ikk' pompøs Jeg har, en tæt kerne En flot unge, med kort lunte Et håndvåben der påtvunget Et påfund, et hårdt bump (slap af) Der er efterspørgsel året rundt Jeg har folk omkring mig omrumplet og forundret Folk er for unge og fordrejede Gemte ting i huller i væggen og under gulvbrædder Jeg har ikk' min telefon med i baggården Jeg har været afskåret Til en verden hvor regler bli'r gravet bort Grå stær i mine missioner (tro mig) Jeg har set det de snakker om på klods hold Har set hva' det ka' koste folk På trods af holdet var godt stolt Jeg har, set hva' der sker på bagsiden Ta' afsked, ved et gravsted Har hørt tomsnak, efterfulgt af tavshed Jeg har, et koben, en skruetrækker, nogle lommelygter Jeg har ikk' mer' i ka' komme efter Ses beskidte mennesker"
Nørrebro,"Fuck det, vi gi'r den bare gas, akrash Nørrebro! Jeg voksede op i 90'erne Jeg ruller ikk' rundt med hvem som helst Nørrebro Bruger mig selv som eksempel Så se mig rulle rundt på gaden med legenderne på Nørrebro Da jeg var en lille dreng, løb vi rundt i vores gård, glade Den gang hvor [?]- og [?]-lokalerne lå på Gormsgade Da naboen spurgt', hvor jeg var fra, svarede jeg fra Nørrebro Vil du vide, hvad stilen er, er mit svar: Den er fra Nørrebro Vi repræsenterer så bredt fra kvarteret på Nørrebro Hvor du kan få et udbrud af [?] For du kan få din medicin uden recept Det' de elsked', det' de frygted' Det-det-det' dem, der' respektered', Nørrebro Plus de andre berygted', når du går med tanker og tryghed Stilla rolig, rolig, Nørrebro Vi spiller spillet roligt, gør spillers spil uroligt, Nørrebro De popper som piller, bestiller dem, spiller det spil med go' stil Fra caffe late på caférne på Sankt Hans, Nørrebro Til gårdture inde på Blegdams, der bli'r ramt bredt, Nørrebro Der hvor sammenholdet blev til hævnen og mordet, Nørrebro Det' der, hvor ni-og-tres'eren blev jævnet med jorden Du ved det, for det' der, hvor der står F på deres S-tog Der hvor nær-politiet var for tæt på For det' svært at E-L til det S-K Det-det' ghetto, det-det' ghetto Der hvor drenge hænger ud, bli'r udstøtte Og laver penge på et hvidt eller brunt stykke Gangstere og autonome med udsmykning Det-det' ghetto, det-det' ghetto, Nørrebro"
Cruzin,"Mami, prøv at kig', ka' du se os? Flyver hurtigere forbi dig end G Mach (Wuh, wuh, wuh) Eow, så os ude på gaden, vi var cruzin' På passagersædet, tæller flousen Prøver' kopiere, men kender ikk' fidusen 100-tusind, 200-tusind, rrah Eow, så os ude på gaden, vi var cruzin' På passagersædet, tæller flousen Prøver' kopiere, men kender ikk' fidusen 300-tusind, 400-tusind, rrah Eow, så os ude på gaden, vi var cruzin' På bagsædet, shabs allerede boozin' Dre-drengen har еn 6'er under blusen Drеngen skriver med banat fra en uge siden (Rah) Eow, svæver på en lyserød sky Sidder' lægger planer sammen med Is, sammen med Qy Har prøvet at overtage siden vi kom på asyl Der' en ny konge i jeres by, rrah Eow, så os ude på gaden, ingen optræden Står lige midt i balladen, uff Mami, prøv at kig', ka' du se os? Flyver hurtigere forbi dig end G Mach, shheeew Ey, ren hygge op' i huset (Op' i huset) Min bror brugt' 100-tusind for the cuban (100-tusind) Om det' Benz eller coupe man cruzin (Skrtt-skrtt) Man er som Mowgli ude i junglen, med Balou in (Ooh) Min brormand brugt' meget på Balenci (På Balenci) Vi har været her siden Fubu, Dada, Pelle (Uh-huh) Det' B.O. for evigt, bror, det' uendeligt (B.O.C) Drypper som havet, bror, vi' wavey (Brri) Hop ud af bilen (Bilen), det' ikk' noget lease (Nej) Cartier frames de' lilla-turkis (Ey) Se mig læg' det hele, det' lidt som magi Med min bror Mikey, og AMRO min G (Ooh)"
