Title,Lyrics
No Love,"Ah, ah, ah Ah, ah Diggin' up this line if a nigga try me I'm runnin' out of time for my niggas, times freeze Don't these niggas know the price if they ever side me? We on the high road, block it, make the .9 squeeze In them dingers with ringers until we find one We fill them clips to the max tryna get them guys gone And I swear these trenches, they hold me, I see my guys gone Let no bygones get by, I go with my dargs, forevеr Stay down with your niggas grinding For all dem dark days, I wanna see my niggas shining My mama get a heartachе when she hear them sirens So I ain't showin' no love, that's why your niggas dyin' So I, I, can't show no love Cah love will get you killed and put you right in a cemetery I'm aimin' out the passenger's side of my best friend's ride You know I'm tryna hop out and squeeze No I can't love these hoes, trust these hoes I don't know if it's the money or me Tryna get up out this hood For the opps' good, I'ma take my niggas with me Ah, these niggas steady in shootin' but they ain't shit, I'm improvin' Cah I got everything to lose, darg And I swear these feds always bootin', I'm scared that mama gon' lose it I gotta watch how I move, darg I don't really trust no one Lean got me movin' slow motion I'm in the bando where I'm chasin' funds Only way out if you're from where I'm from If you're from where I'm from, you gotta bang it up or the strips get long I'm tryna find a round by the end of this one I'm kinda sick of these feds, I'm tryna blow up these songs Can't stop me, yeah this ringtone be on repeat I keep that blade on my waist, in case they lurk on me Don't know about uni, got me graduated first degree That murder on my mind, I know they're tryna Melly me I need feels, we've been down so long About time that we up And my nigga, he been gone so long Can't face the fact that he gone"
All In,"L's up or get shelled on, (Uh, uh-uh-uh-uh) Grrt, (Uh, I ain't stallin') Разве можно сделать лучше ?) Ayy (I ain't stallin') Yvng Finxssa got the sauce ) Bodies keep, bodies keep (Bodies keep fallin') (We ain't talkin') I'ma go all in, uh, no, I ain't stallin' (No, I ain't, no, I ain't) Kitties dem, kitties dem callin', uh, I'ma keep ballin' (Ayy) Bodies keep, bodies keep fallin', uh, still, we ain't talkin' (Nah) I'ma bring that tool in, slap shots, no warnin' Both ] No warnin' (Warnin'), my niggas got cuffed, I was snorin' It was 5AM in the mornin' (Mornin') Now it's HMP that they tourin' (Free them) Meantime I'm outside in these streets I got a voice in my head and it's tellin' me to quit But, I can't, I'm a different breed Send a nigga to the cemetery, I'm with gang 'til the death of me Outside where it's nothin', but jealousy (Jealous) ""We're cool"" but nah, he's an enemy You ain't ten-seventeen , what you tellin' me? What you tellin' me ? We ain't in the same pedigree (No) 'Cah most of my niggas got felonies That's right, gotta stay sellin', B Mother said she hate the way that I'm earnin' (Sorry mum) Sorry Mum, you know that I'm learnin'"
One Mic Freestyle,"Let that shit ride, Eighty8 Ayo Pluto, you goin' brazy Oh yeah Berki, this the one right here Grandma told me I’m a problem child Mama told me that she tired of this vacant house Brodie told me: ""Stay down, we garn' make it out "" That's my nigga, free him up Why they lock him down? Get it by any means, yeah we jugging miles I’m closer to my dreams, but it take a while So I'm serving all these fiends Put diamonds in my teeth For when I smile But I don't smile I told my nigga ""Hold on"" But he went gripping The way they folding on the kitch' Opps seen the vision I'm really signеd to these streets Thesе people saying I'm different And when they try numb me off I swear, I stayed on my pivot These niggas ain't 100, yeah they barely 50 Now they see I got a chance Wanna take me like Biggie I'll be in them back roads, now we honey like Diddy I’m looking at these lights while I ride through my city I’ma slide through the city Spin that nigga's block like a frisbee And we ain’t stopping, nah 'Til they 6 feet Get rich, die tryin', like I'm 50 And I swear I’m getting tired of these miskeens"
2Twenty,"Turn it up, K rock They gon' feel it Never trust a soul, I hope you know I mean it 220 on the dash and [?] bitch I'm drinking Yeah we playing for keeps, nah, there ain't no thinking Sipping codeine like it's tea, bitch you know I'm leaning Being broke I fear it Yeah, I know that feeling Yeah that bag I need it Bitch you know I'm leaning Being broke I fear it Yeah, I know that feeling Yeah that bag I need it Askar ""why you shot two niggas?"" he ain't speaking It burns to see a nigga when [?] are winning And that bitch ain't got no patties still she swallowed semen Google ways to make a milli, yeah, I know that feeling Smith his right hand, got Wesson if you ever need him You want a million, chase that shit and stop dreaming I tried to trust a girl but now my heart is bleeding If I ever say ""I love you"" best believe I mean it They ain't seen the vision, yeah they ain't see it Cold-hearted nigga, baby, you don't need it I was sleeping on the floor just staring at the ceiling But I'm now up and thinking how to fight them demons I'm sowing now I'm reaping, that shit got me tweaking Yeah, young nigga grinding to the riches and I ain't never switching (Never switching, and I ain't never switching)"
Codiene,"Swear that shit get ugly Swear that shit get ugly Let that shit ride 88 Swear that shit get ugly Watch this shit get ugly Tell the driver spin again I got this .40 on my lap, I'm tryna spin again Codeine my lil hoe, she says she loves me She said I’ve seen some things I ain't gotta see again Watch this shit get ugly Tell the driver spin again I got this .40 on my lap, I'm tryna spin again Codeine my lil hoe, she says she loves me She said I seen some things I ain't gotta see again Tell you ‘bout bank roll And I can tell you ‘bout them shootouts on them nigs though Tryna get rich and put my family on the pay roll And I ain’t going no wherе my shooters can’t go, no And if a nigga say I switched up, that nigga nevеr knew me Niggas say I switched up, they see me with that new piece Shorty say I switched up, she said she like the new me Dappy with my toolie Niggas on my head but I can’t let them take it from me, from me Shorty saying that she phone me, but she ain’t phone me I was stepping out of uni ‘cause that shit weren't for me Now we stepping out of OT, racks on me"
Armed and Dangerous,"Armed and dangerous My niggas, they with it The block is still flamin' These niggas keep running their mouth Put one in their house, their block is so vacant They claiming they suttin' But they ain't on nuttin' These niggas are fakin' My niggas, they gunnin' They pull up, they bussin' They dodging them bullets like Matrix Armed and dangerous Coronavirus, got my mask and latex Armed and dangerous Drills on drills, 'til the block get raided You wanna be famous Young boy, you can hit that news on the same day She hold that wap, thats bae, bae Got another one down, that's mayday Armed and dangerous Drrrr-drrrr-drrrr, bow If man hear the tire screech, skrr-skrr Everyone get down I don't wait on the moon for drillings Cah man's got drilled when the sun ain't down If man got long like I got me Corona With my homegirl, leave a homie down I got locked, tryna get my jugg on Had to call hooya macaan from prison Buss case, then they caught me again Sorry mama, they tryna fill me a pigeon The streets don't show you love, but my bro-bro's did So I ride for my siblings Used to be faithed in Allah with kitchen Now it's a mashing ting, tryna pitch him I can't help, but bang for my Akhis Wallahi, two hands on a pole like a athlete No Homo, I ride like a Bad-B Tryna see a paigon, fam have a taxi I've been bad from young like Ashley Ride out, shotgun on the backseat Shotgun with the shotgun Cah when I make man fly, get fucking kasci Are you fucking dumb?, I beg man, don't mad me That's holes in and out man's top Cah I love it up close, HD, I get happy A long range, ain't a problem, I get tappy I'm too real for my own good Tryna make sure that my hoods good You don't bang, but you should Just state that you live on YouTube"
Do This For You,"Question, I don't know Ooh, do this for you Do this for you, ooh Ever since they took my dargs, the way I do this for you Nuttin changed in the hood, we still do what we do I'm at the back of this mane, back wish my darg was here too Still got this Rambo, like I'm riding with you We riding spacious, they took my nigga Ain't no way you can replace him And I'm still stuck up in this hood man I can't take it So it's about time that we make it out I'm coming up, now they wanna see me down Stay down till you can't see, that's what them dargs do I kept my head up, cah I see myself above you You cost me once, you see how I don't trust you Gang spend again, yeah he see what I can't do I see you jogging till the next day Till the sun is up, I'm doing man, it's like his leg day Tryna run it up, I ain't waiting on the next pay Spеnd what I want, I think about I'm like every day, ayе free 'em up Man, I miss my bredrins, my bredrins Judge got my dargy stressin', he's stressin' Let me give my darg a message, a message ""You'll be home in a second, a second"" like ooh Man, I see my niggas' face on the news L2, we ain't enter no truce Feds watchin' away that we ain't move"
Vent,"Ah, ah Drell on the track Always tryna light, yeah Always tryna light, yeah Swear these fuck niggas always tryna get to me Devil tryna get the best of me And I've been up all night tryna find me the recipe Mama told me ""You sow what you reap"" And I'm sorry for the nights we ain't sleep I swear I'm ten toes down but I'm ten toes deep My nigga might be gone but the memories They try knock a nigga off, but I'm still on my feet I swear I stayed on my feet You say you feel me, yeah, we both know you don't You ain't from these trenches, no you ain't on my boat You don't know how it goes (goes) A day in a nigga's shoes, I know you would crease, I know you niggas will fold in And I been stressin' 'bout that paper, but I know I'ma cope (I know) He got it the hard way, hotpoint stove (Hotpoint stove) Youngen on a mission, so I need it in loads I had my head in the clouds, but now I'm back on the floor Some are home, fresh home First sleep? No, he's back on these roads So we paid him full, I'm on this money mix mode They wanna see a nigga lost so they closin' the doors Mama need me, no i can't go"
