Title,Lyrics
Skinny Love,"Come on, skinny love, just last the year Pour a little salt, we were never here My, my, my, my, my, my, my, my, my, my Staring at the sink of blood and crushed veneer I tell my love to wreck it all Cut out all the ropes and let me fall My, my, my, my, my, my, my, my, my, my Right in this moment, this order's tall And I told you to be patient And I told you to be fine And I told you to be balanced And I told you to be kind And in the morning I'll be with you But it will be a different kind 'Cause I'll be holding all the tickets And you'll be owning all the fines Come on, skinny love, what happened here? Suckle on the hope in light brassieres My, my, my, my, my, my, my, my, my, my Sullen load is full, so slow on the split"
Wings,"Sunlight comes creepin' in Illuminates our skin We watched the day go by Stories of all we did It made me think of you It made me think of you Under a trillion stars We danced on top of cars Took pictures of the stage So far from where we are They made me think of you They made me think of you Oh, lights go down In the moment, we're lost and found I just wanna be by your side If these wings could fly For the rest of our lives I'm in a foreign state My thoughts, they slip away My words are leavin' me They caught an aeroplane Because I thought of you Just from the thought of you"
Not About Angels,"We know full well there's just time So is it wrong to toss this line? If your heart was full of love Could you give it up? 'Cause what about, what about angels? They will come, they will go and make us special, oh Don't give me up, don't give me up How unfair, it's just our love Found something real that's out of touch But if you'd search the whole wide world, world Would you dare to let it go? 'Cause what about, what about angels? They will come, they will go and make us special, oh oh Don't give me up, don't give me up 'Cause what about, what about angels? They will come, they will go and make us special It's not about, not about angels Angels"
People Help the People,"God knows what is hiding in those weak and drunken hearts Guess he kissed the girls and made them cry Those hard-faced Queens of misadventure God knows what is hiding in those weak and sunken lies Fiery throngs of muted angels Giving love but gettin' nothin' back, ooh People help the people And if you're homesick, give me your hand and I'll hold it People help the people And nothing will drag you down Oh, and if I had a brain Oh, and if I had a brain I'd be cold as a stone and rich as the fool That turned all those good hearts away God knows what is hiding in this world of little consequence Behind the tears, inside the lies A thousand slowly dying sunsets God knows what is hiding in those weak and drunken hearts Guess the loneliness came knocking No one needs to be alone or singin'"
Keeping Your Head Up,"Times that I've seen you lose your way You're not in control and you won't be told All I can do to keep you safe is hold you close Hold you close till you can breathe on your own Till you can breathe on your own Hold tight; you're slowly coming back to life I'll be keeping your head up I'll be keeping your head up, darling Let go of all your haunted dreams tonight I'll be keeping your head up I'll be keeping your head up, darling Hold tight; you're slowly coming back to life I'll be keeping your head up I'll be keeping your head up, darling Let go of all your haunted dreams tonight I'll be keeping your head up I'll be keeping your head up, darling Everyone keeps a darker place To lose control, you're not alone And when you come looking for embrace I know your soul; I'll be your home Til you can breathe on your own Til you can breathe on your own"
Wild Horses,"I'm a dreamer But it's hard to sleep when your head's not in it I've been restless Cause you disappeared and that's all that's missing The Earth is loose under my shoes There's an angel And he's shaped like you, and I thought I knew him There's a window And it's dark inside, but the light was in it This can't be love if it hurts so much I need to let go I will survive and be the one who's stronger I will not beg you to stay I will move on and you should know I mean it Wild horses run in me I remember How we danced so close, I would stand on your feet And the phone calls That would last all night, they were lifeboats to me Our fading scars just shooting stars They're here, then go"
Ghost in the Wind,"Can someone tell me who I am? I haven't recognized myself in a while And since you left, I stay up every night Thinking if you were here, you put me right I know I was stupid to let what we had go to waste Why does everything I love always get taken away? Ghost in the wind, calling you to take me home Ghost in the wind, crying, ""Where do I belong?"" Can anyone hear me now? Can anyone hear me now? Do you remember when we were young? When I was terrified, you were by my side Now you're gone, I have nowhere to run No place that I belong, left burned in my search for love I know I was stupid to let what we had go to waste Why does everything I love always get taken away?"
Tee Shirt,In the morning when you wake up I like to believe you are thinking of me And when the sun comes through your window I like to believe you’ve been dreaming of me Dreaming I know 'Cause I'd spend half this morning Thinking about the t-shirt you sleep in I should know 'Cause I'd spend all the whole day Listening to your message I’m keeping and never deleting When I saw you Everyone knew I liked the effect that you had on my eyes But no one else heard The weight of your words Or felt the effect that they have on my mind Falling I know 'Cause I'd spend half this morning Thinking about the t-shirt you sleep in
Beautiful Lies,"Beautiful lies Cover my eyes with your hands Just pretend we're better Turn out the light There are no more surprises to come Let's be numb together The world's so fast and nothing lasts Let's save it while we can 'Cause I want to be forever Like smoke in the air Float like a feather going nowhere Lost in the silence I don't need to be free Kill me with kindness And please Tell me beautiful lies I wish that I had the strength to let go, but I don't I'm paralyzed I see the child in your eyes and I'm stuck in the headlights"
