Title,Lyrics
Dirt,"What? SESH What? You say you've got them guns but I've never seen you bang (Bang) You say, you got them drugs but I've never seen you slang (Slang) You say you in the game but I've yet to see you play (Play) You say you're goin' hard but nobody feels the same (No) You say you got them guns but I've never seen you bang (Bang) You say you got them drugs but I've never seen you slang (Slang) You say you in the game but I've yet to see you play (Play) You say you're goin' hard but nobody feels the same Swervin' off, my eyes closed Graveyard's where I call home Razor blade on my fuckin' bones Touch me and I'ma cut you off (SESH) Raindrops on my white skin Turn ghost and I'm in my zone (What?) Hair long, my blunt's short Always smoke, so we rollin' more Comin' down, comin' down See me but don't hear a sound Ridin' 'round, ridin' 'round Cemetery Blunts in the background loud Now, now, burn it all to the ground To the ground, ground BONES back in town I ain't got no fucking chain, I ain't got no diamond ring (Yeah) Young Justin Timberlake, all these bitches know my name If you see me out in public then you know I got the blade (Blade) If you see me on the stage (What?), you know I got the blade (SESH) Hunnid pills in my pocket but that shit is not for me (No) I feed 'em to my girl and watch her drop down to her knees (What?) Ghosts in my head, I got ash on my jeans (Yeah) These women tryna scheme, 'cause I look like Dawson's Creek (What?)"
HDMI,"SESH Smoking like a motherfucker, higher than a motherfucker Bitch, please stop the playing SESHOLLOWATERBOYZ, deaf to them other boys We can't hear a word you saying We don't know your name, can't hang with the gang Crowd jumping when the bass get banging All I need is dope, so I gotta get paid Never see me on the stage unless the money is arranged My hair 1080, my teeth 240, my blunts 4K And my dope you couldn't load it If they ain't calling with a price, we don't answer that Tryna fuck around, bitch, we gon' handle that If they ain't calling with a price, we don't answer that Tryna  fuck around, bitch, we gon' handle that We gon' handle that bitch, we gon' handle that Tryna fuck around, bitch, we gon' handle that If they ain't calling with a price, we don't answer that Tryna fuck around, bitch, we gon' handle that We gon' handle that bitch, we gon' handle that Tryna fuck around, bitch, we gon' handle that"
CtrlAltDelete,"Once I hit you with that backspace, you ain't comin' back Control-Alt-Delete you, give me space like tab Hit you with that backspace Used to be on Booth St., seeing 2D Now we do 3, 1080 HD Go press the AC, yelling like it hate me When the sun start screaming, I let my ice save me I put it on, yeah, and my temperature drop (Drop) Father time diamonds, press pause and they stop ya' (Stop) Cryogenic pendants, I'ma be the last fossil Now for my next trick, I will die proper Loaded my duffel with these blades and they just got polished Thinking 'bout that day bring me nothing but solace Runnin' up with that, fuck it, I'm glad that I left my baggage They all asked if it happened, replied with laughter Never one to banter, I wanna up the ante Every day, I take the standard and put it where they can't see Forever what they can't be, never understand me I'd rather be the one they hate than the one they think is friendly (What, what) Dot zip the competition if there ever was any Drag to the trash, ash, then I right-click empty You can't edit this body, all these layers are locked away Told them System 32 is something they don't need to operate System's frozen, now everybody hate me Nothing new to me, I'm used to it thankfully Reboot text, yes, you can all thank me I am the virus that got your heart racing"
RestInPeace,"Sesh Paul Wall tippin' hit it then all walls flippin' Better than all ya'll trippin' bitch what's up? Deadboy walkin' see me now everybody watchin' Did it now everybody talkin' just like us Cashed, I'm a motherfucking mess Atleast I say a slurred up speech then I rest in peace They want my all but they'll never get the best of me I keep the rest locked up then I ditch the key See I could go a little harder bring the lava make it hotter Gottem' ringing out their shirts like ""fuck"" Carhartt patch 48 up in the back Jump straight up out the cage in the trunk I don't know the city boy I came up from the gritty Tell his parents that we left his body somewhere where it's chilly I don't hail from a place where you grow up to be great I'm the creep from the motherfucking first ave lake I never thought I'd live to see all these fucking dreams RIP to the whole fucking scene Let it bleed, let it bang Bitch I do what I want when I please Let it bleed, let it bang Bitch I do what I want when I please"
Sodium,"""This is not a wig, it's fucking real If it was a wig, it would fucking come off right about now (Yeah) I dyed it black, you like my shirt? It says Mt. Vernon, 'cause that's where—because that’s where I actually live (Hometown) How in the fuck are you 'bout to say The way that we do it is not the way? No, don't you sweat it, you not in the way Nothing you do can put an end to my day Cashed as fuck, in my bed I lay Look at the ceiling and fade away Stressin' and checkin' on me for a blessin' But I can't hear nothing, I'm gone for the day Sure you can afford that? I get it Lookin' like a bum, only think I'm holdin' pennies Pull out your mortgage, just spend it in a minute Take it how you want it, get mad when you get it Blame everyone around you for the money you ain't gettin' Boy, man up to the life you ain't livin' Times, they get chiller, sometimes I forgive him My mind's on a rhythm, so don't fuck up when I see you Loose neck, cotton chains bangin' off my body soundin' like a dog walkin' Razor barkin' if you by me, let the scotch light blind 'em, let the switch restyle 'em I ain't never goin' back to what I did back in Howell Old BONES, new flow, still flickin' ash up on my clothes 1-800-DEADBOY if they need to hit my phone Estate sell ogles, on the finger make me hopeful We ain't never goin' back to nickel dimin' for some produce"
Sixteen,"""Ay yo man, we bringing back the real knowledge The real power in hip-hop We are the streets, the movement Hot street single smash"" We were sixteen, this means robbing was an option Money was the problem, scrapping copper for some profit Break it in for some gin, hope your mom don't got a problem Throw the bottle over the fence, and I hope nobody saw us We were gone, we were dead, resurrect and go to bed Just some dirty white boys with some drugs up in our hands Never slanging dope, no, cause we'd rather just smoke Ice cold, back roads, tires covered in snow I'm taking it back to the basics, I'm bringing it back to the basement See this that Christmas light shining, hundred one blunts to the face, shit See I was fifteen, drinking like I was fucking thirty-two All the things you and your friends do, I did that too Broken glass, blunt ash, dashing away with the product Peep it, flip it for some dollars, then we buy some more bottles Our parents thinking that we missing, haven't spoken some weeks My shoes wet from the weather, hiding out from the heat I'm just a young bad kid, wasn't meant to do shit I did things I wish I didn't, I got things I wish I did Just a young bad kid, wasn't meant to be shit I did things I wish I didn't, I got things I wish I did"
WhereTheTreesMeetTheFreeway,"What? Lightin' up the blunt while I'm thinking of you Walking down the block, I ain’t whippin' the coup Take another drag while I look at the moon Young GPS, I come equipped with the route I don't have to wonder cause I see the truth I don't need love you can hear the proof Break another bag while I feel the ruins Start to look my way but I ain't in the mood My closet's nothing but Harley I ride hard without fallin' Goodwrench on this deadboy I rev the wheels now they foggy Sponsors floodin' my inbox but there's one thing that they don't know I stuff thick money in my thin socks And not yet to sign for no dough You don't wanna die with a guy like me I know that you Got another plan No, you got another dream so why can't you? Breath in Exhale"
