Title,Lyrics
Just To Let U know,"I lost so many guys, wish I can get 'em back Just to let you know, bitch I ain't having that Pull up on yo block, quick as hell, I'm clapping that Just to let you know, this shit ain't rapping bitch Just to let you know, I'ma get 'em gone boy Glock with this chrome boy, put it to his dome boy Just to let you know, my niggas ain't having that Better get to lapping bitch, cause they coming and clapping shit D-Thang , L'A Can't forget about you Man, this shit is crazy Can't believe I'm here without you But I'ma get 'em back, I promise I'ma get 'em back I'ma get the mac, load it up, and let it clap In the meanwhile, I'm smoking on the Tooka pack And I'm going through some shit I swear I'm losing at Booka told me calm down, keep my cool and shit But I ain't tryna hear that shit, I'm tryna do a hit I lost so many guys, wish I can get 'em back Just to let you know, bitch I ain't having that Pull up on yo block, quick as hell, I'm clapping that Just to let you know, this shit ain't rapping bitch Just to let you know, I'ma get 'em gone boy Glock with this chrome boy, put it to his dome boy Just to let you know, my niggas ain't having that Better get to lapping bitch, cause they coming and clapping shit"
My Niggaz,"Step up in the club, niggas watching, bitches watching Glock on me, let em try it, .45 get to popping His bitch, she see me, she on me, she jocking Hit that bitch, put her out, can't wife her, not happening My niggas, they in it, they turnt off mollies Got weed, got pounds, take 'em down, I'm sorry Then I'm gone, in the wind, got stains, he is These niggas, say they shooting, they lie, they pretend Ain't with all that acting, kill his ass for that bag quick Is that your bitch? I'm just askin' 'cause lil foe'nem they smashed her You cuffed her up and you wifed her I gave the bitch a one nighter I'm out here all night boy in them cuts posed with pipes, boy And if that nigga come through that cut I'ma flame him up, I'ma light him Diamonds all in my Breitling, she see this shit she excited Diamonds all in my Breitling, she see this shit she excited Diamonds all in my Breitling, she see this shit she excited Step up in the club, niggas watching, bitches watching Glock on me, let em try it, .45 get to popping His bitch, she see me, she on me, she jocking Hit that bitch, put her out, can't wife her, not happening My niggas, they in it, they turnt off mollies Got weed, got pounds, take 'em down, I'm sorry Then I'm gone, in the wind, got stains, he is These niggas, say they shooting, they lie, they pretend"
12 Bars,"I can't trust a bitch (Nah) 'cause they be trying to set you up (Yeah) If I see a opp then I'ma have to wet him up (Grah) Hit him in his chest (Bang), then the ambulance get him up (Bang, let's get it) Posted on the block (Steve drive) with them hammers, we can sell it up 40 whip his denim up (Denim), what's the fucking issue for (Huh) Bullets long like missiles bruh (Long), bullets long like missiles bruh (Long) What's the fucking issue for (What?), bullets long like missiles bruh (Long) And I'm good (I'm good), I be dope smoking cooling it (Coolin' it) Riding with my nine (My nine) 'cause a bitch ain't who I'm cooling with (Nah) She say she love me (What?), is you drunk (You drunk) or stupid bitch (Bitch) I just want some top (Top) so just stop (Stop), and do my dick (Let's get it) Catch me on the Lam (Lam), that's 64th or in the Wic (O'Block) Let's get it, squad, let's get it Let's get it, squad, let's get it Let's get it, let's get it"
I Heard,"I just put switch on the Glock Pull up with the motherfuckin' 30 shots You say he a opp? Hold on, wait, get the Glock Let that bitch blow 'til he fuckin' drop It's a motherfuckin' 30 not a 75 shots Heard that bitch [?] O'Block [?] Heard that nigga dropped [?] Heard that bitch she stole shoes but she act like they buy Heard that nigga he be slidin', nah, [?] Heard that nigga he got bond [?] Heard that police snatched him up and he told them what he saw He drop [?], that nigga snitch He spilled the beans, he told the scheme, like police street Give me a deal, I definitely [?] Yeah, that's the fool shit, yeah, that's the you shit I'm on my new shit, get 22 shit, like how you do shit? Nah, I'm nah cool, bitch, I'm a new shit And I will shoot shit, nigga I heard, I heard, I heard I heard, I heard, I heard I heard, I heard, I heard I heard, I heard, I heard I heard, I heard, I heard I heard, I heard, I heard I heard, I heard, I heard I heard, heard, yeah, yeah, yeah"
Squad Shit,"Glo Gang Sosa, wattup bro? What you on? My niggas in the field with the steel (Steve Drive) they tote them pipes Run up on them boys, them boys, they might take yo life (Let's get it) Kicked that bitch and put her out, I ain't got no fuckin' wife (No wife) Off them pills and I'm rollin' in the WIIIC all night (O'Block) We catch a opp and we kill him and I swear that's on sight Bullets hurt, bullets burn and they flying like some kites (Bang) Got bitches kissing bitches like they ass some dykes The bitch all on my dick, tell her, ""Bitch, go get take a hike"" Get lost, bitch, go find yourself, you sneak diss, they gon' find yourself (Bang) In the river, drill, I do this shit (Squad) Got Rugers, bitch (Steve Drive) and they got ruler clips Ridin' through your hood with them Glocks (Skrt skrt skrt skrt, squad) Cdai got 22 shots (Bang, he got it) Blow his fuckin' top (Boom boom boom boom boom) Bitch, I'm Rondo, I'm hot (I'm Rondo) Put a nigga in a pot (I laid him down) Fuck it, just lay him down, bitch (I laid him down, bitch) Chiraq my town, bitch (Chiraq) All these fu niggas move around, bitch (Move around, you a bitch) Squad shit only what it is Rondo, bitch, I handle my biz You talking shit, find where you live I don't give a fuck, kill yo ass in front of your kids (I don't care)"
Blowin’ Bandz,"Squad! These my real niggas D. Rose, Cdai, twenty two shots! I'm blowing bands, these thots on me Can't wife a bitch, I'm not Homie I just fucked the bitch too my fucking brody And we kick her out, then roll the dopey Call the lean man, pour a four up Moving too fast, need to slow up She on my dick cause I'm Glowed up Call Rondo, gon' blow some I poured the four, I'm leaning now Hit him in his chest, he leaning now Now the police coming, I'm leaving now I'm smoking thoink, I'm chiefing now This bitch seen me, she geek me down Fuck the bitch, kick her out, that's it, won't wife a hoe! I'm in this bitch with Rondo, run up and it's [?] Catch his ass in traffic, while [?] Big shells like tacos, that guapo is nacho I hit the mall, spend some bands, Gucci shoes, I cop those! Steve Drive, that's gang, bitch! Fu niggas they change quick Catch a opp, I bang quick Then go in the crib, then I change [?]! Then I'm back out to Steve Drive Guns out, it's real live Man down, man down, man down, homicide!"
Don’t Worry Bout It,"Don't worry bout these shots, just know that I shot 'em Don't worry bout these pills, just know that I popped 'em And I ain't worried bout a thing, see I spot 'em, got 'em Don't worry bout it, Don't worry bout it Don't worry bout it, told my team don't worry bout it Don't worry bout it, told my team don't worry bout it Don't worry bout it, told my team don't worry bout it Let a nigga go on me, I ain't sure about it I ain't worried bout a thing, I got my squad with me Squad with me, and all these niggas frauds and they Pillow talkin' to these rods, get your squad semi And them hitters in your yard with them toys, hear me Ready to take down anything and whoever in the house To tape his mom and put his brother 'n' 'em up on the couch And I swear bet' nobody make a fucking sound Smokin' loud by the zip, get it by the pound And if he taxin' on the loud fuckin' take him down Fuckin' thots, fuckin' thots, fuck them by the group Why he think he in the shit? Fuckin' take him out Don't worry bout these shots, just know that I shot 'em Don't worry bout these pills, just know that I popped 'em And I ain't worried bout a thing, see I spot 'em, got 'em Don't worry bout it, Don't worry bout it Don't worry bout it, told my team don't worry bout it Don't worry bout it, told my team don't worry bout it Don't worry bout it, told my team don't worry bout it Let a nigga go on me, I ain't sure about it"
