Title,Lyrics
Brotherlove,"Burn, we burn hell Just like a bond no power can break You're my blood And I will follow you into the flames 'Cause I got love where I want it I know that I'm greedy Always wanted to force it for oh I got love where I want it Don't care if I'm greedy I always wanted to force it baby I got love where I want it I know that I'm greedy Always wanted to force it for oh I got love where I want it I know that I'm greedy Always wanted to force it baby Turn into one We believe our bodies are the same We lose our name 'Cause we don't need to call us anything anymore I got love where I want it I know that I'm greedy Always wanted to force it for oh I got love where I want it I know that I'm greedy Always wanted to force it baby"
Hours,"I'm holding you tight But I've been dreaming of those lonely nights For once I'm wishing that it was goodbye Still keep going on forever, forever's for fools I hope you can't tell I keep on dreaming about this hell The vows keep me away from it And I can feel the sin outgrowing my real me And we ain't going nowhere tonight We are slaying the hours, slaying the hours And we ain't going nowhere tonight We are slaying the hours, slaying the hours We ain't going nowhere tonight We are slaying the hours, slaying the hours And we ain't going nowhere tonight We are losing our power, slaying the hours I'm wishing you well What I just did really means farewell Still I hide behind my leather fist And I keep on acting like I'm the one, who just won first prize You see the bed, see you just made You must be mad All the years have made you blind and you can't see The monster growing inside of me"
Sorrow,"She said she'd never do it I would never do it Teardrops on the keyboard Everything is background I could feel the ending Digit to surrender Got to the numbers 'Cause of our binary minds On your screen My heart's only a name Come delete me flush away all the shame 'Cause this ain't my life, my heart, my blood, my sorrow My face, my god, my greed, my love, my sorrow She would never turn back I could never come back Lost in our darknet Being forced to forget Every human contact pushed into a format I'm about to translate every single word I speak On my screen your heart's only a name Erase the line and flush away all the pain"
I Won’t Fall In Love,"Loving me is the cheapest Thing that you've ever done Trying to reselling But supplying self demander Push the marker to a low Your greed is starting to grow You kept the lock that you own My body, my bones, my hours, my goals And I won't fall in love I won't fall in love this time ohoh Let's combine, let's combine, let's combine as one And I won't fall in love I won't fall in love this time ohoh Let's combine, let's combine, let's combine as one Raise you [?] to the sealing You came to ground those feelings Losing a value of warms What did do I to words speaking balls? And turn these people apart Before greed gets out of control You want to be by yourself Those shells can be burn once they [?]"
Cards,"My body's a fool I feel electrified coming down with you I see the storm you're heading through Why don't you want to be this use? You just have to take this step behind the fire Preppy liar, right behind the fire baby Embrace the happiness, that everyone excites you Everybody's like you baby Take my cards throw'em down baby Play this game like I used to play it too Take my cards throw'em down baby You just have to be joking Take my cards throw'em down baby Play this game like I used to play it too Take my cards throw'em down baby You just have to be joking too My sugar baby You can be me and then I'll be your lady Promise nobody will be shocked Rose just one, two, be at the top That's why you have to take"
The Fortress,"Follow the scent so sweet And come tonight I heard your cry But who thought that you would die Temptation got in the way Out of wine and gold Those iron sheets Too heavy to hold And I run away, run away I run away from love You are the moon I am the wolf And I run away, run away I run away from love You are the moon Promise my self the fiery demon's heart But those dogs stay by Your hands of when you start Sucking the sense of failure Of forsaken gods Burn your temples down Take back what you lost"
Fighters,"Take me by the hand Never let me fall again We're used to bloody ends We struggled to pretend I hear you say: ""Hey boy do you remember When we both were the fighters? I know that you held the shield boy, but it was swinging"" Get out, get out get out Fight this war again Get out, get out, get out Force it to begin Come let's settle down Give memories a chance Still holding my cold hand Let it go regain I hear you say: ""Hey boy do you remember When we both were the fighters? I know that you held the shield boy, but it was swinging"""
Badface,"Dear God is really all what I'm seeing As I recall a face it's always true meaning Where are my wounds, lord? Nothing accepted, it's all undercover Those pretty parts they're built to misdirect us And even if I would have to expose it all Deciding there's a [?] just like a concrete wall Now matter how hard we try We can never show our soul Call me Dorian, I don't even know how to paint I'm too afraid to make this evil come alive, yeah Where are my wounds, lord? Nothing accepted, it's still undercover Those pretty parts they're built to misdirect us, yeah, yeah And even if I would have to expose it all Deciding there's a [?] just like a concrete wall Now matter how hard we try We can never show our soul We can not make it stop So we just let it go This ugly face of ours Cause we can't make it stop No, we can't make it stop, yeah"
Record Collection,"My record collection ain't worth a dime I hate those songs about you Our books are worthless I can't read those lines I am no one without you Just for the sake of my good Come grab my skin and hold on real strong Kiss me, kiss me my lips are on fire I am the reverend preaching about desire Kiss me, kiss me tell me I'm a liar If it's the devil's truth call me his messiah My record collection burns to the ground I have no use for the past I feed the fire with nostalgia and gold I'm a lover in this life Just for the sake of my good Come grab my skin and hold on real strong"
