Title,Lyrics
Are You?,"Are you really really from the ends? Are you really really from the ends? Are you really really from the ends? I see too many boydem wanna pretend Shout out to everyone that grew here Everyone who went school here Tryn'a get it in with your crew here Stack that money for the new year See I'm really really from the ends Real niggas vouch for me, I don't need to pretend Sometimes I find it hard to sleep at night, thinking about all the dirt that I've done Thinking about all the hearts that I've broke, the girls that I've caught in a web that I've spun I smoke weed til my head feels numb, I ain't dumb, I know that - this can't be good for me But if I think back to bars I wrote when I was lean, I've gotta say the weed's been good to me Same niggas that I came up with, they're the same niggas that are still around me today And I can walk any road on my ends, cause to most man, I'm still the same Deshane It gets nasty, pain, rage, anytime I think of the boydem killing off Mark, I just wanna draw for the 12-gauge For them man there, I've got serious hate I used to get told I should smile more, now my gold tooth shines in pictures I came a long way from a little nigga on the grind that used to hide from pictures I'm not a bitch cause I've been consistent, and it's blatant, so when man call me underrated I laugh cause that's an understatement, flow's been amazing Take time - if you're out there bitching R.I.P. Duggan, I miss him I ain't come here to merk nobody but, I ain't looking leave as a victim I heard them man are making a plot for me, try know, none of that's stopping me (never) Cause the niggas I roll with are on this, and they will make couple man drop for me"
Red Card,"Manna outside, everything live Manna on job, manna got vibes Dunno who said we ain’t the greatest Mention grime, we are the baitest Manna gotta win darg, manna go hard Kill an MC then go to my yard (Go to my yard) And if you act too hard then that's a red card I can make a new business plan, I can round up a hundred niggas in the trenches (Greaze) Goin' against me, that's stupid, beef with me is expensive I hope you trust in your friendships Gonna need a full clip, somethin' extended No way, I am not your father If I gotta put him in care, better know that's somеthin' intensive Man, I go zero to a hundrеd, man's so passive aggressive Pull up outside in something offensive I do not care what the ends is Fuck who's in fashion, I do not care what the trend is I step on the stage, it's murder (Violent) BBK might headline the festival, got the fans jumping the fences Every time I went in, man went hard Every time I stepped in, man stepped hard (Steppin') Doin' this ting from the start, send them man shells like Mario Kart Them man are gassed like when Mario starts Tell him I'm Wario's darg The beef is vegan, the Haribo's aren't Know man that are locked in the can that can't (Free them) Tell him ain't advanced Don't come to the dance if you ain't got paper (Nope) Straight red card, I will send man yard like I'll see man later Show love if I think you're a hater Me and my G's dem are doin' it major Faded, us man are chillin' in Vader All my gyal are naughty by nature"
Go Thru Face,"Darkside (Preditah) As you can see I got my go thru face on And they can’t chat shit when I got my go thru face on Pull up at the show I got my go thru face on Feds on my case but I got my go thru face on As you can see I got my go thru face on And they can’t chat shit when I got my go thru face on Pull up at the show I got my go thru face on Feds on my case but I got my go thru face on It’s so true, I drive as fast as the popo do Tryna say that I bust a red light I know red light, red light don’t know you What was my speed? No clue, no speed gun You was only behind me for about a second or two So look at this face, go thru This is the same face that all the bouncers see Whenever they try to fuck around with me Try make man feel like a lower-case g At the end of the que like a lower-case e Oh please, mans triple-A You man want me to que and freeze Nah not me, never that G Put on my go thru face with ease"
Different Kind,"Yes, I'm special So they all wanna jump on my vessel You ain't ever gonna get another big Fris I am out of this world, I'm an extraterrestrial Tell a man don't get disrespectful You will get quake, fam I don't wrestle I'm a rebel, I stared death in the face So many times, still I survive, I'm special Huh, yeah, it can get gory My temper shorter than Shorty I've had so many ups and downs Me, I've got such an interesting story From day one mum said I was special I used to see man drinking Kestrel I said ""Forget that,"" can't forget that We made something from nothing, that's special Shoutout mumzy, I know you're special Couldn't have been easy raising a rebel They want beef, I'm milking again Capital F, I never been sweet like Nestle Bless you, right before I catch you Rise it up then kweff you, when they Tried to say that grime was dead Boy Better Know to the rescue"
Love Them All,"I've got so much love for my UK girls Can't get enough of my UK girls You know I left the ends and came straight back Cause I can't go without my UK girls Estelle, Jamelia From you came out with your first song You done know from then mannaman's been feelin' ya I'm just keeping it real with ya Lady Leshurr, Lioness No Lay I've got a soft spot for you all Real talk I could watch Mz Bratt for the whole day Nothing ain't wrong with role play I thought no way Tell No Lay, No Lay your bars are turning me on I'll take you high up in the sky, no Soul Plane I'm on tour like Soul Train I like the way you're sexy and successful Here to let you know that you're special I don't mean to be disrespectful"
