Title,Lyrics
Slide Thru,"Slide Thru in a Focus , Big drip they know this Lean in my cup potent Young boy bank up with lotion , (Bank that) Phone keep ringing Packs stay flinging They talk about bands I made They don’t know that yards got raid, (Yards got raided) Baby want a trapstar And we trap hard My bros with me and they bang hard Free the guys doing bang up Talk on my name get wrapped up Opp boys stay bankrupt They better go get there bands up No conspiracy so we bank up Ona ride with bro chop that dotty We’re gon’ skate call that hockey , Attack them blocks have man jockey Double tap waps spray that properly Bro parred off 100 bands Get round there in a transit van 15 man on the ride that’s gang, (gang) Sad bitch talking about bad She got no body She talking bare she better drop noddy And the drills done properly And I’m heading to the top And they can’t stop me, (Nahh) Nah they can’t stop me, (Nahhhhh) I’m heading to the top when I see them there’s no love Them man there so hopeless Touch one of mine don’t hold up GeeOnes whipping up coca Pour me up toast up Toast up toast up Had 5 on my wish list So I stepped in the kitchen GeeOne whipped it up in an instant So hot that t house kicking Tryna eat this cake Kipling In the pot fishes swimming Drug raid t house kicking Hot stove wrist stay flicking No sign opps missing Free bro clocks ticking I’m here I’m living Tryna get this gwop so instant Rude boy better watch your lip Oh that’s gang on peds on strips"
Bando Aspen,"That's Chucks Hollywood Six My baby, my baby, we slangin' dope like the '80s She wanna ride the Mercedes, I pop a pill, I go crazy I'm sipping lean, I'm lazy, uh Mumma crying she felt pain likes its Haitia Natural disaster I feel the lean up in my bladder Knock it out without no hammer These withdrawals fuck up my mood, no I can't stand 'em So much snow up in the bando, bando Aspen, uh Tell the truth or they gon' lie to you These bad bitches, fuck 'em by the two Stuck in my ways, I'ma change for you For you, that's only you Pull up with sticks, grrr, what's the move? Commando, you see salute Spot kick like Babe Ruth And broski bring the fire, fire, we don't dispute (Nah) Place a bet, it make the news I'm mixing lean with my sprite that's dilute Latest season dripping, yeah the fiends stay fiendin' I'm whipping and she gon eat that, eat that semen I drip hard yeah I mean it, mean it, mean it An' when I'm high I call that stranger thing An' yeah they hate cause I made away Two L's make a W I'm chasing bands, I won't change for you For you, change for my—"
7AM,"Contraband got that dope! Baddie wants Celine She down for the team My account put E We up in the beam Three up all in my Gs Too long I ain't seen Now fuck up the beat Cause I’m straight from the street I drip like the tap one time Free bro that’s racks of a cunch line Give us the cash, I want mine 7am and I was online Coke I drop out the pot, no off white It’s TT at the right price It’s CLD Don’t consign We pullin up In the kitchen with the brick in up She call my phone I ain’t pickin up Louis bag can’t fit racks It ain’t big enough Step in the spot, I keep it tucked I was down they won't pick me up Now they phoning trying to see what’s up"
AMG,"Don't play with me, engine rip that's AMG Smoke for free, big drip that's all on me Score points i won't concede 7 AM reload on keys No staying that won't be me Doubled up they phoning me Drip so hard, it's so complete We going hard, we go O.D In the trap, with [?] on us each Trip it down, no forest tree Big drip, they know it's me I'm flying west, no OKC Up in the shard , that's me and bae It's gon be ok Pack just landed, relocate Been count racks, i eat all day (uh) She loving my style, she loving my team She want the bag, i want the lean Free the team, started with a dream Shit got real, end up with a fiend Engine rip that's AMG Free bro, that's HMP Niggas fake, that's the shit that i peep That's ten or more, so reload the heat So reload the heat"
Moschino,"Moschino heavy kilos Rucksack hella zinos In the trap score free throws Jack City I'm nino In my sprite that's lean O Bad one might deep throat Bad one might deep throat Bad one might deep throaaat My life a movie Blew a bag in Gucci She thought she knew me Told my old hoe this the new me Designer my jeans, designer my drugs Fuck all the talk cos we letting it off Ringing it off, we getting it gone 200 miles to watch bro get bird I can tell you bout pain But this ain't no L's Cos the shit ive gained"
Gelonade,"My bitch bad, so sweet, call her Gelonade Big bands on me 'cause I'm gettin' paid Smokin' out the pound, all green not the everglaze V.I.P wristbands 'cause we gettin' paid If she with me, do the maths, I'm gettin' laid I got a baddie saying ""Got two phones? You ain't Kevin Gates"" Oh, nah and the spot hot, Arizona Tell my young boy ""I can't sponsor you like cola"" And we been rockin' gloves with a mask before they knew about Corona And I'm steppin' with my gunners like Ole Solskjaer I call them shots, I feel like O darg, uh I'm with my shotty, feel like Omar We trappin' like the The Wire (Yeah) And them niggas be the workers, we suppliers (Gang) My bitch bad, so sweet, call her Gelonade Big bands on me 'cause I'm gettin' paid Smokin' out the pound, all green not the everglaze V.I.P wristbands 'cause we gettin' paid If she with me, do the maths, I'm gettin' laid I got a baddie saying ""Got two phones? You ain't Kevin Gates"" Oh, nah and the spot hot, Arizona"
What You Need,"I got what you need, I got what you want Some my niggas free, some my niggas gone Blicky from up north, I just ordered one And we in the trap, order what you want I got what you need, I got what you want Some my niggas free, some my niggas gone Blicky from up north, I just ordered one And we in the trap, order what you want Tryna add it up, bag well, bag it up And they see me come up, you know they mad as fuck My youngin' rap then bank, you know he flying up If he try flip the script, he get the pattern up Baby girl mad as fuck She hold a beat, then a beater, O'spot copped a nina Pebble up it's a clean up I got frenemies, I ain't worried about no enemies It's me and you used to [?] God be I was down, I was out, they ain't [?] me Now they can't get my time, now my ex bitch, next bitch Bando spot ain't no guest list Brick up in the spot like Bunz chase the belly I'm running through these hoes, first night the tape Free Mac, specialty he roll wit' the speci I ain't patiently waitin', my shine it was destined"
Bando Settings,"Palace ] Palace, what you cooking? ) This the bando setting One call, yeah, the gang gon' get it Let it dry, yeah, the timer set it Yeah, the burner press it Uptown I send it Big bands I get it It's big drip don't stress it Trappin' ain't dead, fuck boy get the message If I say it, I meant it County lines bro held up a sentence Four years, I shed raw tears Hottest on the block, ain't been a full year And I'm still up in the bando, bando, bando settings It's just me and thе bank bro Sippin' lean, lean Just had a lean drеam, ok, and it's fuckin' wit' my kidneys And she ain't feeling me, I be like, ""Bitch please"" I got a rack for everybody seen from sixteen, uh We don't drive in the kitchen, we whip Imma slide wit' my drillers, don't slip Country boy, imma take me a trip I was young, I was young, so much I had missed Foreign whip, I ain't cruisin' it She know the vibe, it's GeeYou, I ain't new to this, uh Uh, I ain't new to shit, nah"
Union Jack,"Biggest waver, UK, you know flag the Union Jack I was trapping serving my neighbours I don't know what uni was man You know cocainia from Mexico I'm talking Culiacan, running from the law chasing them bands I was running up bands to come to the bank (yeah) Step up in the room, came up out the streets, I came up out the zoo Nigga, I had nothing to prove, came in I had nothing to lose I took me a dose and I went to the moon, spend 6 bands on a brand new tool Hit a nigga with the python, that lightning so frightening This a Rollie, not a Breitling, I get so fly, ain't trying Hold up, hold up, hold up, we gone, you gonna put me on, I been on When I slide thru, just play my song, slide thru in a fo' (So gone, they know) Biggest waver, UK, you know flag the Union Jack I was trapping serving my neighbours I don't know what uni was man You know cocainia from Mexico I'm talking Culiacan, running from the law chasing them bands I was running up bands to come to the bank (yeah) I'm a pioneer, I'm a flyoneer and when I see my son, I'mma drag your ear, you're my kid I'm your dad, I know you see me, you ain't bad, yeah I got some contraband, whip with my right or my other hand I'mma take you to neverland, where dreams never die, I'll become the man Let me land, let me blam this one 17 on an opp I'm on the lean for a week, I been pouring up, ask your girl about the gang, we been going up This rollie rollie make her roly poly, cuz' she doing whatever I say She doing whatever, my bae, big muliani, nigga know I get paid"
