Title,Lyrics
Saucy Alie,"Saucy alie (wet), looking like orgy alie (drippin') If I post this picture today, bet you garn' call me tonight (ai ai ai) Some nights I gotta sacrifice (trap trap), bottom of the kicks look like valentines (wet) Juicy alie, bad like Boosie alie (bad bad bad) But you know J boasy, that ain't even Zara it's Dolce (D&G) In the dance with the brodies, gyal looking at me like wavy you know me (Styles) You won't get your boo-boo back, when your sugar cuts like the sugar tax (haha) Cola ya nuh, classy like yola ya nuh Saucy alie (wet), looking like orgy alie (drippin') If I post this picture today, bet you garn' call me tonight (ai ai ai) Some nights I gotta sacrifice (trap trap), bottom of the kicks look like valentines (wet) Juicy alie, bad like Boosie alie (bad bad bad) Look, I been happy they don't wanna see me win win win akhi (no) You know the ting family (whadup) Paint-splashed jeans looking like my nigga threw the whole tin at me (saucy) Stepped out the mazzakon (mad), with a apple ting (white gyal) - looking extravagant (sexy) Saucy alie (what), looking all naughty alie (ai ai ai) But you know J stylish I ain't even worn these no mileage (zero) Bars like Chip I ain't new rhyming Looking like ISIS could blow in due timing 3 point 5's and bare quarters Come to the C-Side - bare waters Icey lie, looking all pricey alie (ai ai ai)"
Fake Nails,"Cutting thru the city yeah, with my cliquey yeah Ice city ice city real litty yeah Girls run their fake nails thru my picky hair And kiss my belly button everytime they give me yeaaah Cutting thru the city yeah, with my cliquey yeah Ice city ice city real litty yeah Girls run their fake nails thru my picky hair And kiss my belly button everytime they give me yeaaah Cutting thru the city yeah, with my cliquey yeah Ice city ice city real litty yeah Girls run their fake nails thru my picky hair And kiss my belly button everytime they give me yeaaah"
W A V,Energy! Yeah Look WAV We going hard since I wanted an AV Blue A Three but wait this ain't me Next ? I need topless like page 3 Next ? I need turbo like race me Next chick i need on her knees like taste me From the dusk till dawn im on the same streets From the dusk till dawn im on the same Hopped out VVs swinging on me Saucy like I spilt all my dinner on me You know how I get when the liquor on me Step how you step I got my spinner on me Badman - everywhere I go gangland Just to make a rap afghan Bang man thump off a mout you can't chat man Outfit looking off key like a madman Even if the odds were high its a bet Traffic wouldn't let you cut through here like gillette I could talk about sluts like cadet Im 'bout my future I'd rather chase a cheque than a chick Them niggas styling on who? Looking ? My lifestyle sexy like im on the A list
Hold Up,"It sounds like Nyge Hol' up, shining like a star These niggas ain't ready the way I write my bars These niggas ain't ready I turn the white to hard These niggas ain't ready want me behind the bars It's coming like the truth kills Care less how them other yutes feel Few deals got me new ice, ran through two grills Might get some new ones, depend on my mood still Soon come off my ban, back in some new wheels 'member I was selling draws on the strip Now I walk street looking like horror flick Getting pop in a foreign whip Used to miss education on some Lauryn shit It was me and pappy Dead broke, couldn't buy a key of ammi Shock on they're face probably thought they'd never see us happy Three catties Guess it's just fundz, me and skrappy New ting shegged me last night said I seemed trappy Ho-hol' up, it's a lot darg Best of both party with killers and popstars This ain't just any top darg DSQ rockstars"
