Title,Lyrics
Virgin,"Pretty skin inna birthday suit Tonight jus wear yuh favorite perfume An put yuh phone pon ""don't disturb"" too Tonight mi have yuh on ah curfew Mi know anuh di kush have yuh so soft Tek ah sip ah di liquor Girl yuh really turn mi on, yeah Play yuh favorite song an bend over Mi love yuh more wen yuh nuh sober She seh anything yuh waan jus mek mi know, Jah Baby, jus whine for mi, whine for mi Mi love it wen yuh whine pon it, whine pon it Baby, wen yuh whine for mi Yuh pussy worth it (Worth it) Feel jus like ah virgin Baby, wen yuh whine for mi, whine for mi (Whine for mi, whine for mi) Baby, tek yuh time for mi (Time for mi, time for mi) Love it wen yuh whine for mi (Mmm) Pussy worth it Yuh feel jus like ah virgin"
Remedy,"Madder than, badder than Whoaaaa Rvssian A Jah Vinci! Fi more pleasant, oh! Anything weh you wish fi we, you better wish it fi your head Badmind a wish pure lead But you cyan see Cole dead Me just get the remedy fi the pagan dem Me just get di remedy Badmind and jealousy who waan fi see me dead Me just get the remedy, yeah Me a pray, me a pray-yy Me a pray, me a pray-yy Me a pray, me a pray And me just get a better way All me do a clasp mi hand and close mi eyes Fi all who a hope and pray me die Dem a dwell inna corruption, but inna Jah words me glorify-y-y Just fi see me fall, see me stall Nuff things badmind tell lie when dem see mi gyal 'Bout, me a criminal But I'm protected, mi mother mind pure 'cause she's spiritual"
Watch Yuh Friends,"Oh wow Notnice Out clear, yeah You fi watch your friends weh you smoke with and run joke with A dem think fi cut your throat quick The only friend weh me love, a the one up above Keep him closer to me than a rope twist So watch your friends weh you smoke with and run joke with A dem think fi cut your throat quick The only friend weh me love, a the one up above Keep him closer to me than a rope twist Me put Psalm 23 at mi daughter's head at night And say a prayer, before she go a bed at night Iron dawgs a roam, and dem nuh 'fraid fi bite Nuh true you live throughout the day, you will dead at night 'Cause... Day by day, me see more man a dead A youth get run off of sight, and the foreman a dead Me get a buss and fly 'way, and all pon tour man a dead Youth get caught inna crime, make him poor mother dead You fi say a prayer fi the thugs weh bleach at night It's the least at night No beauty, only beast at night And a dem a lock the streets at night, ao you can sleep in peace at night So"
No Body Knows (Where Do Angels Go),"Triple Dose Mark White, rest in peace Where do angels go when they die Nobody knows Nobody knows, yeah You never diss nobody, never kill nobody Never see nobody wid dem things and try fi grab it You give weh yuh last all when you no have it, yeah A so you heart stay, always So when a innocent life pass, the ones dem weh get tek weh in a the dark Dem seh things weh happen you no fi question the Lord But this mek mi haffi ask Oh God Where do angels go when they die? Is there a heaven in the sky... Where nobody knows? 'Cause rain fall when the angels cry Is there a place beyond their eyes... Where nobody knows? Where do angels go when they die? Is there a heaven in the sky nobody knows? 'Cause rain fall when the angels cry Is there a place beyond their eyes... Where nobody knows?"
Pretty Like a Rose,"Pretty like a rose, yeah Baby Pretty like a rose, yeah Mhmm Pretty like a rose Baby girl, come closer Grab you rough and shift your draws, me nah take off your clothes When you whine up slow, girl, you make me cocky grow Just tell me weh you want, baby, whisper, make me know Give you backaz Make you cry out, baby Love fi hear you moan And me no care if the neighbors a hear yuh, ooo ye-eah Fuck you make them know, girl Whine up your waist for me Stay, me love it when you brace 'pon it, yeah Spend your little time 'pon it 'Cause me love it when you whine 'pon it, yeah Me love your pussy like me love me gun 'Cause you know a no no wasteman this Girl just back it up, brace 'pon me Baby, me love it when you brace 'pon it"
Mama Love,"Ooooooout Cle-e-e-ear Fi mi mother yeah Ooooooout clear Ah She a suffer and me know dem see it Say she, ""tired of di cold concrete"" Me waan mine, my money stack a thousand feet Put a smile pon mi old woman cheek 'Cause mama love will bring us through darkness All when mi father gone lef' I Mama cry, they're so heartless She standing by my side Time hard, but regardless Mama love will be the-ee-ere Woooah When you talk bout dumplin and butter, well a my madda know di slum When she send mi go a school and di hungry come Dying fi di class done, tears a run 'Cause she waan mi bring di milk, and a hope say mi bring di bun Jah Jah guide mi going out ,mi coming in And true mi know say Jah Jah bless mi mi heart so clean A nuff youths mi know dem suffering 'Cause as a little prince, dem diss di quee-e-en"
Guide Me,"Out clear (out clear) Chimney Records A Jah guide me A Jah Vinci (a Jah Vinci) Please Jah Jah, guide me Walk beside me All me see a pagan All me see a enemy But I know Jah Jah guide me Walking beside me Him a guide me from pagan Him a guide me from enemy A nuff struggle man face, man a whole it Mi life, dem waan fi control it When a God blow breath inna man and the thunder A Him alone can roll it Anuh me alone Jah a trod along Everyday a man a prove who a the badder man That's why me ask Jah fi guide my steps Me, Nana, and Badda Don So..."
Money,"Whoa yeah Money, uhh Gaza mi say... A Jah Vinci! Uhh Oh Yeah, yeah Notnice This year me waan fi rich Yeah, me waan fi make some money Tired of the heartache, tired of the worries Sleepless nights when me haffi bare hungry Don't say me greedy, thugs need money Rich Yeah, me waan fi make some money Tired of the heartache, tired of the worries Sleepless nights when me haffi bare hungry Guess it's lovely, when you have money Me waan fi rich, rich, rich, and always can find it Me waan fi look pon mi house, cyan believe a mine it With pearly white tub and ceramic toilet 'Cause me cyan see mi dream and avoid it But it's like a drought when me open mi fridge Dying...fi cross suffering bridge Big Sunday evening when you a nyam rice and beans... Me haffi sekkle fi some oats porridge Poppa did tell me say, ""Better soon come"" Same time him run me say, ""The house too ram!"" Now me find myself pon mi own All alone, a bleach with a chrome Same time me link up Addi Him say, ""Don't kill, and don't rob nobody"" Now my life is happy Cause all I want to be..."
In my life,"Intro: Yo Milla 9 Pass di headset Hear da one ya Sometimes you will see mi smile Yuh dont know what it's inside Lot of pain wi a hide but wi still hold mi pride Ohhh Sometimes you may think that it's easy Di way how mi a live it dont please mi A lot of kids wanna be me but if dem really see dat Chorus: In my life I feel da paa-a-a-in And I, cry, tears like ra-a-a-in And If died, my name rema-a-a-ain Know that I stand for righteousness Verse 1: Tell mi now How mi fi name Jah Vinci and mi madda still poor Cyan tek di dutty livin no more Nuff times mi sing to di fans till mi throat get sore And mi dont know di food is sure Dem waan mi fi smile and pretend when a nuff mi endure A mi a search like mi pocket dem bore Cyan find mi daughta school fee, landlord a knock down mi door And mi just forward offa tour"
U Alone,"Yow, Notnice Ah different ting mi ah deal in yah, yuh zeet? Badmind, mi nah use yuh (Oh, oh) Yeah, mi just ah gwan confuse yuh Out Clear Fake friend ah grudge mi fi mi tings And dem neva deh deh when man ah work fi it When mi inna di streets and ah search fi it Pussy dem inna dem bed gone ah gurt sheet Oh, dah gyal yah seh she love mi, all now she cyan show it Know she never real from di first week People lie and fuck up ah di worse ting That's why mi buy mi gun and stay close to it Jah, you alone Ah you alone mi ah trust cah mi cyan trust people no more Ah you alone mi ah talk to and tell my problems fi sure Ah you alone mi ah trust cah mi cyan trust mi friend dem no more Ah you alone mi ah talk to, mi don't trust mi gyal dem Mi rather go ah courts, go trust some furniture Than fi end up inna court ah trust dem people yah Mi rather go ah di mall, go trust dem vehicle yah Than fi ah drive 'round inna car wid dem evil yah When mi see dem ah road, mi drive speedier Dem comin' like di greedy dog, but dem greedier Ah mi hard work dem wan' fi kill mi for But mi prayer dem ah deliver"
