Title,Lyrics
I Do,"Young Clem, we in here 5 'o clock in the morning, might be 3 though I said I see some ladies in here tonight I might marry (Marry) Gone off the Belve' and 'Tron it's too scary (Scary) Baby, you can have whatever you like, the tooth fairy I'll do anything to leave here tonight with you, Cherie I said I do, I do, I do, I do, I do (You know I do) I said I do, I do, I do, I do, I do (You know I do) I said I do, I do, I do, I do, I do (You know I do) I said I do, I do, I do, I do, I do (Look, look, yeah) I said now what it is, what it do? Home girl ain't got a clue If I get you open all the things that I would do to you Smack it up, flip it down, weigh it up, break it down Lean you to ya side, yeah, and ask you who's ya daddy now Ain't even gotta open your eyes, know what your looking at And I ain't even have to open my eyes when I was cooking that Guess it was love at first sight, eye contact Remember the night we first met, I caught a contact Now she's my ride or die, it’s us against the world You know we both hustlin’ so hustlin’ is our world Said I musta had too much to drink I'm in my G-mode So all the ladies repeat after me 'cause it's the G-code Promise if I get locked, you’ll come and pay my bond If you hear some niggas plotting on me, you’ll ring the alarm And everytime you give it to me it’s gon' be the bomb And in these unlucky streets you’re gon' be my lucky charm"
Seen It All,"What? I said you already know, nigga, Young gotta flow Before rap, Young really got dough (Yeah) Before rap, Young really seen snow (Seen snow) In the kitchen, 'bout to make some magic Then blow it all in Magic (Haha) Pull up on my partner in traffic Gave it to him, it was all in plastic (Damn) All I know, I ain’t tryna go to jail (Go to jail) Heard that shit closest thing to hell (Yeah) When it's stepped on, make it hard to sell (What? What?) When you been where I been, make it hard to fail (What? What? Ayy) 'Cause I'm the realest nigga in this, y'all know it (Yeah) First nigga hittin' Magic in that 6-45 (Five) Valet say, ""Jizzle, nigga, stay in new shit But everybody 'Bach back cause that nigga can't drive"" (Haha) Doors open up, I emerge with ten chains (Damn) Even back then, they was calling me Ten Chains (Ayy) Ask me what I spent, I tell 'em, ""It's no thing"" If I had it added up, it'd cost me like ten things (Yeah) We used to take a little show money just to throw money (Money) If it's on the floor, nigga, it's the floor money If you brought it out to blow when you got it from the blow Then that's why the fuck they call that shit ""blow money"" (Woo) Still the realest nigga in this, y'all know it Kept it one hunnid since the day I came through My nigga hit me up, say he goin' out of town So I threw him fifty thou', told him, ""Bring me back two"" (That's right) Not only had my fingers crossed, I prayed (Prayed) Called this little piece up, got laid (Yeah) Then he walked in, threw 'em both on the table Said, ""Fuck that shit, young nigga, get paid"" (Paid) Then I whipped the Benzo on Lorenzo ('Zo) Stay down, nigga, yeah, I'm talkin' ten toes (Toes) Hoes see me in this big pretty motherfucker Bet I leave the parkin' lot with about ten hoes"
Put On,"I put on, I put on, I put on I put on for my city, on-on for my city I put on for my city, on-on for my city I put on for my city, on-on for my city I put on for my city, on-on for my city When they see me off in traffic they say ""Jeezy on some other shit"" Send them pussy niggas runnin' straight back to the dealership Me, I'm in my spaceship, that's right, I work for NASA This FNH is not a fraud, call that bitch my bodyguard ""Call that bitch your bodyguard?"" Yeah, that's my bodyguard Wear a lot of jewelry, Young don't do security What's whiter than a napkin, harder than a dinner plate? If you want it, come and get it, you know I stay super straight Ran up in my spots and now I'm working out the Super 8 Know you niggas hungry, come and get a super plate Y'all sing happy birthday, yeah, I got that super cake Hundred karat bracelet, I use it like some super bait I put on for my city, on-on for my city I put on for my city, on-on for my city Put on (Eastside) put on (Southside) Put on (Westside) put on, let's go! I put on for my city, on-on for my city I put on for my city, on-on for my city Put on (Eastside) put on (Southside) Put on (Westside) put on, let's go!"
R.I.P.,"R.I.P we just killed the club Took Patrón to the head, almost killed a thug I'm so high I can't feel the drugs Too many haters sitting here I don't feel the love R.I.P, R.I.P R.I.P, R.I.P R.I.P we just killed the club Took Patrón to the head, almost killed a thug I'm in a brand new drop top 'Rari with 3 bitches Tired being in the middle of trial with 3 snitches And I hit up every club in your city Where niggas at? I be in every club in the hood Where niggas at? Pull up, jump out stuntin' like I was Baby On my cocaine cowboy shit, like in the 80's Who the nigga think he is Slick Rick or Dana Dane? Think he Rakim or something, look at his chain YSL, from head to toe, I'm Doug E Fresh Looking like I came to play, Mitchell and Ness Any nigga with a watch like that He need attention Your man don't ball out like that You need to bench him"
Leave You Alone,"Yeah, she said (she said) ""You ain't no good (no good) but you feel so good"" (hey) She said (she said) ""I would if I could But I, gotta leave you alone"" I, I, I, I, she said (she said) ""I know you bad (you bad) but I want you bad"" (hey) She said (she said) ""Makes me so sad That I, gotta leave you alone"" I, I, I, I I got my mind on my money , all I need's a bad bitch That I can run through the city spend this cash with That I can run through this city spend this cash on Wake up in the morning, get my smash on I don't want much baby, egg whites Keep your stomach and your thighs and your legs right While I’m out here focused, getting this bread right But if the head right, Jeezy there every night Wake up in the morning and I'm still here Wake up in the morning and I ain’t gone All I ask, let me just do me And maybe just me and you can get along Had them other bitches mad when they seen us Had them matching rolexes baby, team us Yeah the earth is our turf, we can share the world Maybe even go half on a baby girl"
American Dream,"Yeah, what’s up? (Yeah! What’s up?) Welcome to America baby (uh) Home of the brave, American Dream, you know? (yeah) Uh, yeah, yeah Let’s go I just want a big ol' bag of money when I see my jeweler Get a hard-on when I'm counting up that mula (what's up?) Scarface, into living life like a king Every day eating good with my team, the American Dream First, they said I wouldn't, but I knew that I would make it (I knew it nigga!) Copped my first pie, yeah, I knew that I could bake it (what's up?) Scarface vision, living life like a king Every day grinding hard with my team, the American Dream You either good or you great, you either real or you fake That's why I stay spittin' the real because the real ones relate Y'all must was raised by some haters, you niggas go ahead and hate F-F-Four car garage for the 'Rari, that bitch came with the estate I swear them streets get so tricky, glad I ain't fall for the bait So focused and I'm determined, can see that shit in my face You niggas go 'head and face it, lil' bitch, ain't shit 'bout me basic Hit a lick on them bitches and went and iced out a bracelet Never let my flaws and my past come get the best of me Turn a two fifty to a half, I got the recipe First, my president was black, now my president is wack I ain't never going broke, what's American in that?"
R.I.P. (Remix),"Yeah, what? R.I.P., it's the remix killer Mike Jack was alive, I'd remix ""Thriller"" (Yeah) Trapstar, bitch, spell it with a big T (T) Give a damn if I never be a hot MC (Haha) 'Cause I'm a hood nigga, first on everybody's list Buy the whole club P, don't fuck with no Cris That average ass watch can't fuck with my wrist (Nope) Them average ass hoes can't fuck with my bitch (Nah) To the window, to the motherfuckin' wall Enough money in my jeans to buy a motherfuckin' mall Got the choppas in the back (Back), bulletproof, that's my Hummer R.I.P. to the competition, this is my summer R.I.P., I wanna kill the judge (Judge) Tryna lock the homie up, they don't feel the thug (They don't feel the thug) I'm thirsty, but I don't give a fuck (I don't give, remix) Fuckin' with my ex 'cause I'm still in love ('Cause I'm still in love) Uh, I can teach you how to fuck and how to stack money (It's the world, let's go) I ain't went Hollywood, you just act funny Girl, I know you want this pipe like a crack bummy Stop playin', I'm tryna hit like a crash dummy Don't start no shit, it won't be no shit"
All We Do,"I got a bitch named Banana, pussy bananas That's why I gotta say it again, pussy bananas My little cool ass bitch, she from the Westside She let me hit from the back, say that's her best side Call it her bed side, I call it her wet side And every time the bitch cum, she holler, ""Westside!"" One Thursday night, met her at Crucial's You already knowing the rest, the head was crucial Do this little thing with her tongue that get me so hype You should see her lips when I'm done, them shits be so white Nothing ain't soft in my pants, that barrel so long Each and every time that she call, that shit be so hard She know what to do, and she know how to do it How I get her done every time we do it Ain't gotta ask, baby, getting right to it Box of Swishers, box of Magnums, running right through it All we do is smoke and fuck, smoke and fuck All we do is smoke and fuck, smoke and fuck All we do is smoke and fuck, smoke and fuck All we do is smoke and fuck, smoke and fuck Yeah, you know it's on after the club, no problemo Got no problem getting it up, I'm all limo Yeah, like a black-on-black super-stretch Trying to break that back, we had super-sex She say all dick is the same, I got her super wet Told her all pussy's the same, she got it stupid wet And when I'm on that trick, I'm going superman And when I'm on that smoke, I'm going super-HAM Make a quick stop and a run for blunts and gold boys When you left your strap in the car? The answer's no, boy In my wife-beater and boxers, left on my damn chain Before I left, I put her to sleep, don't play no damn games"
My President,"Yeah, be the realest shit I never wrote I ain't write this, by the way, nigga Some real shit right here, nigga This'll be the realest shit you ever quote Let's go My president is Black, my Lambo's blue And I'll be goddamned if my rims ain't too My mama ain't at home and Daddy's still in jail Tryna make a play, anybody seen the scale? My president is Black, my Lambo's blue And I'll be goddamned if my rims ain't too My money's light green and my Jordans light grey And they love to see white, now how much you tryna pay? Let's go Today was a good day, hope I have me a great night I don't know what you fishin' for, but catch you a great white Me, I see great white, heavy as killer whales I cannot believe this, who knew it came in bales? Who knew what came with jail? Who knew what came with prison? Just 'cause you got opinions, does that make you a politician? Bush robbed all of us, would that make him a criminal? And then he cheated in Florida, would that make him a Seminole? I say, and I quote, ""We need a miracle"" And I say a miracle 'cause this shit is hysterical By my nephews and nieces, I will email Jesus Tell him forward to Moses and CC Allah Mr. Soul Survivor, guess that make me a Konvict Be all you can be, now don't that sound like some dumb shit When you die over crude oil as black as my nigga Bu It's really a Desert Storm, that's word to my nigga Clue Catch me in Las Vegas, A.R., Arizona Rep for them real niggas, I'm winnin' in California Winnin' in Tennessee, hands down Atlanta Landslide Alabama, on my way to Savannah"
Go Crazy,"Guess who's bizzack? Still smell the blow in my clothes Like Krispy Kreme, I was cooking them O's (cooking them O's) Like horseshoes, I was tossing them O's Time to re-up gotta recycle the flow (recycle the flow) I'm emotional, I hug the block (ay) I'm so emotional, I love my Glock Cash rules everything around me, so what's realer? About the scrilla, call me a Ghostface Killa (yup) It's kinda hard to be drug-free When Georgia Power won't give a nigga lights free Switched hustles, been killin' em ever since It pays to tell the truth, dog, it only makes sense When they play that new Jeezy, all the dope boys go crazy (jeah) Now watch the dope boys go crazy I pop my collar, then I swing my chain You can catch me in the club, pimpin', doing my thang, ay (ay) When they play that new Jeezy, all the dope boys go crazy (jeah) Now watch the dope boys go crazy Pop the collar, then you swing your chain For all the gangstas in the street that be doing they thang, ay (ay)"
