Title,Lyrics
Come Outside,"Come outside These niggas say they gang bang They don't come outside You know what I'm saying? I'm just in the booth tweaking right now, man Niggas, they don't even come outside, man These niggas, they ain't even— They ain't even playing the game right, man These niggas say they gang bang, they don't come outside, man You niggas needa start comin' outside, man You know what I'm saying? Hah Come outside, come outside ('Side) These niggas say they gang bang They don't come outside (They don't) Nigga, come outside, just come outside ('Side) Go and ride for your dead guys, nigga, get live Nigga, come outside, just come outside (Come outside) 'Lotta homicides, mamas cryin', that's 'cause I'm outside Nigga, come outside, just come outside ('Side) These niggas say they gang bang They don't come outside"
Was It Worth It,"What's your count, nigga? What's your count, nigga? What's your count, nigga? What's your amount, nigga? All these opps on my block thinking that they purging, ayy Bitch, you don't wanna see me lurking Too much guns up in my room, close the curtains, ayy Don't get caught up in your room, close the curtains What'd you do it for? What's your purpose? All that fuck shit that you did, was it worth it? What'd you do it for? What's your purpose? When you shot that nigga was that shit on purpose? Ayy Me on your block, I'm Google, how I'm searching, ayy Shot that nigga out the frame, it's picture-perfect, ayy When these bullets hit your body, not like Jergens When these bullets hit your body, have you jerking Little nigga from my ends and he still learning If I give it to him he ain't gonna be nervous I just told him, ""Little bro, do you have a purpose?"" He said these lil' niggas at school keep chirpin' Go get some gloves, get a mask, get a stolie Get your gun, get your clip, get your Rollie Shoot that nigga, hit his bitch, hit his homies Then play it back up in your mind just like it's Sony"
Hurt You,"Getting so much bands that it hurt you Girl, you know I ain't never meant to hurt you I'm a trapper with some swag and I lurk too Girl, I ain't never meant to hurt you Getting so much bands that it hurt you I'm a trapper with some swag and I lurk too Fuck with me, run, you gon' get merked too Girl, I ain't never meant to hurt you Girl, I ain't never meant to hurt you I'm a trapper with some swag and I lurk too Getting so much bands that it hurt you Getting all these bands, I can't stop it, aye God, how I'm making all this profit, aye Say she love me all the time, stop the nonsense It's 'cause I'm flexing hard, Steve Austin I'm getting all these green, no Boston, aye You selling all that weed, you still choppin', aye My block's getting hot like the month of May Getting all this guap, but what can I say? Dirty money, clean money, dream money OT money, trappin' with the fiends money He said he gonna fuck with Money then he funny, aye Let these shots off now he running Do the running man, money thumbing, man Gold like honey and I got this gun in hand She wanna fuck me, man, but it's funny, man If she ever touch me, man, then she lucky, man"
BANG BANG,"They say they don't like a nigga 'cause I gang bang And they can like my niggas 'cause they on the same thang And if a nigga run up, then that shit go bang-bang And if a nigga run up, then we let them brains hang And shorties always want me, wanna be my main thang And she just want me 'cause she see the way the chain swang And she just want me 'cause she see the way it bang-bang But if she try some funny, then that shit go bang-bang I don't gang bang, I just bang bang With the same gang on the same thang Get your mop stick, let that thang swang If you say you pop shit let that thang bang I run 'em down, uh, I chalked 'em down, uh No, I ain't missing, I ain't coming back around, uh And it's a stain bitch, gotta pat 'em down, uh It's been thirty minutes, I swear I gotta rock 'em now In my Louboutin, flexing, I ain't doing none They some Hooligans, I ain't cool with them And my Tec-9 got a cooler with a drum I ain't even gotta aim when I shoot at them And he so dumb, why'd you leave your gun? I took a shit up on your block the way I dump Chris Brown, Stomp The Yard, the way he crump Michael Jordan free throw, all the way he jump"
Ride,"Ayy MG4L MG4L Rolexx Homi in the building K Money RK Mr. R.O Swag, swag, slide That gun, beside I slide, I ride Pop pills, get high I kill, you die I love, my squad We trap, we stars We clap, applaud They rap, they frauds That gun, beside I slide, I ride Pop pills, get high I kill, you die I love, my squad We trap, we stars We clap, applaud They rap, they frauds"
Aqua,"Agua, agua Diamonds dancing like some water Agua, agua Balenciaga and Prada Agua, agua Diamonds dancing, dripping like some water Agua, agua Balenciaga's and Prada's Chit chat, hear alotta chit chat Put the gun to your lip like some lip chap I got a big stack, you a mismatch I've been getting money, you a piff man I got a big ghat, carry tic tacs Heard you got the work, let me get that Hear the click-clack, then it click-clack Flip that, I will never miss that Snapchat, put you in the past Six holes in your head, snapback In my backpack, yeah, got a fat pack Your bitch bad but she got a flat ass Agua, agua Diamonds dancing like some water Agua, agua Balenciaga and Prada Agua, agua Diamonds dancing, dripping like some water Agua, agua Balenciaga's and Prada's"
Plotting On Me,"Feel like somebody is plottin' on me, yeahhh-uhh Uhh-uhh Somebody is followin' me Somebody is plottin' on me Huhh-uhh Every time I walk through my ends It just feel like somebody is plottin' on me And every time I walk through my ends It just feel like somebody is followin' me But this forty on my lap If I shoot it in your face Then I bet this lil' nigga ain't followin' me Every time I walk through my ends It just feel like somebody is plottin' on me (Yeah) It just feel somebody is plottin' on me, yeah It just feel like someone constantly watching me Came up, now I'm poppin', duckin' paparazzi Please don't get too close, if you sneeze I'm gon' squeeze You can't catch me lackin', bitch, I'm always packin' Go ask your dawg what happen Wait, he ain't know what happen We just pulled up, started snappin' like a audience, we clappin' Watch these bodies start collapsin' Body bagged up in the ambulance My stick got no safety, make sure I'm gon' get home safely And I know the police hate me And my opps, they wanna take me Keep it on me daily, that's for sure, that's not a maybe I can't even trust my lady, swear it got me going brazy, yeah"
She Wanna Fuck With Me,"Now she wanna fuck with me Now she wanna fuck with me Now she wanna fuck with me Now she wanna fuck with me 'Cause she see the ice See the gold See the glisten on my watch Wanna fuck with me 'Cause she see the money in my pocket It can't fit up in no wallet Wanna fuck with me 'Cause she see I'm next up Chest up, and I got my cheques up Fuck with me And I bet that you ain't never Wanna go back to your ex, uh And you ain't runnin' back, no 'Cause the money that I stack, I got a handful, uh I put my money in her backthroat But treat my mom better than I treat a bad ho', uh Well, she still wanna fuck with me But her best friends ugly I might fuck it, I might fuck her in the part But I don't know the bitch publically, no I used to have a thang for the bitch But I guess I wasn't cool enough to hang with the bitch Now I'm tourin' 'round the country making moves, gettin' money And now she wanna ask if she can hang with the clique, no"
Average,"Lavish, everything I ever wanted, gotta have it I want a bad bitch, average, I cannot have it He a bad kid so I put his ass in past tense Balmains on my ass, Moncler on my jacket You average, got a gun never blam it You average, I got a pocket full of cabbage Big gun on my waist and it do damage You're average, she don't want your ass is tragic And she don't care how I treat her, she a fan then And she don't care about my phone, I'm never answering I fucked her then I kick her out, started laughing She hit me up the other day like what happened I'm busy stacking, trapping and I'm relaxing Balmain, Robin on my jeans, cost a stack and Balling hard, no whiskey I'm the mavericks Diamonds dancing on the kid, it go Michael Jackson I pull up to the scene just imagine Fire blaze and up that forty, it's a dragon She don't want me, she want money and the fashion And I don't care 'cause I want money in the mansion Lavish, everything I ever wanted, gotta have it I want a bad bitch, average, I cannot have it He a bad kid so I put his ass in past tense Balmains on my ass, Moncler on my jacket You average, got a gun never blam it You average, I got a pocket full of cabbage Big gun on my waist and it do damage You're average, she don't want your ass is tragic"
