Title,Lyrics
Le 2 Metà (Lacrime Rosse),"Persino a costo di evitarti se ora è questo che ho attorno Stare a aspettarti o trovarti al ritorno E visto che non dormo, ora resto a guardarti Ancora un altro giorno finché riesco a scordarti Potrei parlarti e dirti ciò che provo Ma non so dove cercarti e in più non so dove mi trovo Ora, ora che mi muovo in mezzo al niente Ora che sto di nuovo toccando il fondo inesorabilmente È la metà che non sente e non vuole La gente che ha fretta qua non aspetta il sole Troppe parole, troppe museruole Troppe lacrime che lentamente bruciano troppe gole Troppo dolore per troppi pochi istanti Un errore di troppo oppure troppi rimpianti Certe storie son troppo importanti E non lo puoi più tagliare il suo cuore senza diamanti È la metà ferita, è la metà tradita A metà strada, su una strada infinita È la metà impazzita, stretta fra le dita Per la metà della metà della mia vita È la metà ferita, è la metà tradita A metà strada, su una strada infinita È la metà guarita, la mia via d'uscita Per la metà della metà della mia vita"
Meglio Che Scendi,"Blow (Blow) Se tu stai sotto, io sto sopra, tu stai avanti, io sto dietro Non ti vedo, tu sei trasparente come il vetro Sto a Zero Stress quantificato solo a parole Perché in realtà sono stressato come un dottore Ad un'operazione a cuore aperto dopo un infarto ""Sono spiacente, ma il paziente è morto"" Talento zero, tocca di studiare Sono io quello più scarso, ma io vi ho lo spessore Per cui what goes up must come down Come Lords of the Underground Quando vado in scena più agitato di James Brown Credi che c'hai skills, cerchi il dollar bill You gots to chill come EPMD, senti l'LP Adesso guarda me, smi, sono ancora in piedi Come il Galante, un ectoplasma per cui non mi vedi Nessuna faccia happy, zero stile hippy Credo nella pace come Gandhi, ma è ora che tu scendi Adesso guarda me, smi Adesso guarda me, smi Adesso guarda me, smi Mo è meglio che scendi Adesso guarda me, smi Adesso guarda me, smi Adesso guarda me, smi Mo è meglio che scendi Adesso guarda me, smi Adesso guarda me, smi Adesso guarda me, smi Mo è meglio che scendi Adesso guarda me, smi Adesso guarda me, smi Adesso guarda me, smi Mo è meglio che scendi"
Insomnia,"Occhi rossi, nervi a pezzi, luci spente Puntualmente aspetti il sonno inutilmente Mentre fuori la città è avvolta nell'ombra Dentro quella stanza non è tutto come sembra Se sulla sedia dove stanno i tuoi vestiti Sono apparsi strani volti che guardi con occhi vuoti Può darsi che non sia solamente fantasia Può darsi che non sarà poi così facile riaddormentarsi Questa notte le hai già provate tutte senza esito Ma questa notte ogni mezzo è lecito Perché stanotte il buio saprà parlare Ed userà argomentazioni che non puoi affrontare Proverà ad urlare, anche se è nascosto Riuscirà a tenerti sveglio a qualunque costo Ormai sei esausto, sei in preda alla tensione Ti stai chiedendo se stanotte avrà mai fine La notte , è solamente un'altra notte ad occhi aperti Dimmi che daresti adesso pur di addormentarti La notte , questa notte il buio sa parlare E mai come stanotte il tempo va al rallentatore La notte , è solamente un'altra notte ad occhi aperti Dimmi che daresti adesso pur di addormentarti La notte , questa notte il buio parla piano E mai come stanotte il giorno appare più lontano"
Il 6° Senso,"Ne senti troppe andare storte, chiodi dentro le porte Non credi al sesto senso, ma vedi persone morte La legge del più forte, cane mangia cane se Stanotte troppe stelle sono sporche di catrame Il mondo va a puttane perché è come una tortura C'è chi si chiude in casa e poi si fuma la paura A volte è dura tenere il tuo veleno fra le pagine Sapere che il bicchiere è mezzo pieno, ma di lacrime Se la cultura dell'immagine comanda Restatevene in branda qua all'hotel Rwanda Chi manda 'ste sfighe, traccia 'ste righe Tendenza suicide su una faccia che ride, domanda Chi decide se abbia un senso tutto questo? Sarà che non mi fido, perciò mi affido al sesto Ma per il resto non chiedo, non vedo e non sento E ad essere onesto, è un altro argomento E se il tuo posto è questo, se il tuo tempo è adesso Fanculo al resto, qua ognuno per sé stesso E se, se il tuo tempo è adesso, se il tuo posto è questo Trova tu un senso perché io non ci riesco E se il tuo posto è questo, se il tuo tempo è adesso Fanculo al resto, qua ognuno per sé stesso E se, se il tuo tempo è adesso, se il tuo posto è questo Trova tu un senso e in più trovalo al più presto"
La Via Del Vuoto,"E ora, vi presentiamo un piccolo dramma Perdona i tuoi nemici ma non scordarti i loro nomi Nuove allucinazioni guardano nuove stagioni Domande che non trovano risposta, nella testa altri quesiti Segreti inviolati, calcoli errati Lasciati soli con noi stessi, sottomessi dagli eccessi Guardando nei tuoi occhi per vederne i miei riflessi Non li vedo, non credo ci sia un modo, non sono più in grado Il mio percorso va a El Dorado Concludo la mia missione Cercando tra i nemici il più forte campione Alimentando la tensione che ora genero Considero lo scontro terminato La spada resta nel fodero, presto sarò libero Questo è un finale in cui non è ammesso l'errore È inconcepibile sbagliare perché chi sbaglia muore Senza rancore, l'imperativo è sopravvivere a un disegno già noto La mia è la via del vuoto Ogni viaggio inizia sempre con un passo Percorri la via, conta solo su te stesso Cammina sul sentiero d'acciaio Perché il destino ora esige il suo tributo Sei sulla via del vuoto Ogni viaggio inizia sempre con un passo Percorri la via, conta solo su te stesso Cammina sul sentiero d'acciaio Perché il destino ora esige il suo tributo Sei sulla via del vuoto"
Uno,"Generazione psicopatica In clima da guerra in prima linea Però in pratica di dieci nove stanno in ketamina E se già prima era tragica, ora sfiora il dramma Ed è gamma cromatica che oscura ogni programma E se l'aria si infiamma, sono nessi d'amianto Un occhio che si appanna anche se ancora non ha pianto Ed è un vetro infranto in cui guardi attraverso Impronte sul cemento anche se fai il percorso inverso E anche se ho perso le occasioni più nitide Stasi sulle frasi verso basi più solide Ma siamo alle solite, qualcosa è poco chiaro Come nato per rappare e adesso pseudo metallaro ovvero Milioni d'euro per un flop, regina dell'hip hop Che adesso in radio spinge i dischi delle Lollipop Zero gradi, stop, qua c'è un difetto 'Sta merda riempie armadi o svuota sogni nel cassetto? Adesso vuoi capire se puoi credere a qualcuno C'è fame di potere ma c'è chi resta a digiuno Uno, per vedere le tue verità distrutte C'è sete di sapere ma non me le bevo tutte Adesso vuoi capire se puoi credere a qualcuno C'è fame di potere ma c'è chi resta a digiuno Uno, per vedere le tue verità distrutte C'è sete di sapere ma non me le bevo tutte"
