Title,Lyrics
Metro Boy,"I can't do this anymore, my life's so shit I have been working every day and every night I have been working god damn all the time I ain't got no life Cause I have got a fucking mission, yeah Gonna make it really big I got a tunnel vision, yeah I was stuck in my life Guess I should have really listened, yeah I just wanted to be free So on herbs, I was tripping, yeah And I didn't give a fuck about who came my way And I felt heartbroken and I felt I was betrayed Wished my luck could have changed And I only saw the pain Didn't know how much I had gained Didn't know how much I had changed Maybe love gave me scars But it made me who I am I can't do this anymore Feeling kinda lonely in the night time (night time) And I cannot fuck up it's the last time (last time) Doing what I want but I never really can Making all this shit like it's pass time"
Choosy,"Aye better get Kayze, no cap I been just trying to rap All of them bitches I see, they trying to cap I cannot even relax, I am on a 5 day bender feeling like ass I been just doing my shit She wanna hide it but she wanna get lit I cannot keep up with it All of her friends know that she fuck with my shit, aye I cannot even just do it I was just trying to live in the moment I cannot let this shit to me She been just playing too hard to get She been just acting too boujee I was just trying to live in the moment Why am I always so choosy, yeah yeah Put some respect on my name They been all calling mе kayzeblaze I been just doing my thang All of this part of the plan, you know it I am not changing for famе Shout out CJBo and Meeks My boys making some flame"
What You Want,Told Meeks to give me a beat Been dropping new hits for a week Aye better get Kayze no cap You know how I Yeah you know it Do you know it Chris J Bo and Mo You know how I roll I am feeling like I am good I can make you feel so crazy again And I know what you want Do you wanna be the one Do you really wanna do this again Do you wanna see me go You know I am in the zone I can't even tell you how I'm feeling I have been feeling like I am wavy Catching up a vibe I can make you feel alive Baby girl you need to take up a chance And I am feeling so crazy Yeah I am thinking about us lately I can't help it am I falling once again
Takin off,"Drunk I think I am fading off High but I have been making songs Working round the clock but all these people think I am faking talk Lame or not, take a shot All these bitches giving top Got a fucking vision, on a mission I have been takin off Drunk I think I am fading off High but I have been making songs Working round the clock but all these people think I am faking talk Lame or not, take a shot All these bitches giving top Got a fucking vision, on a mission I have been takin off Everybody wanna know what it feels like When you make it in the game does it feel right Was I fucking with some bitches that I didn't like We were making out all day and all night Now I am doing everything that I can Now she wants to be my girly but I got no time to spend (no) And she knows that she likes it She ain’t scared of a dick cause she knows she can fight it Drunk I think I am fading off High but I have been making songs Working round the clock but all these people think I am faking talk Lame or not, take a shot All these bitches giving top Got a fucking vision, on a mission I have been takin off Drunk I think I am fading off High but I have been making songs Working round the clock but all these people think I am faking talk Lame or not, take a shot All these bitches giving top Got a fucking vision, on a mission I have been takin off"
