Title,Lyrics
Dun Talkin’,"No problem, no problem Yeah, yeah, yeah Mm GA ) Ah, yeah, Kojo and Abra, (No problem, no problem), ain't no place inna bloody water Ah, yeah,  Kojo and Abra, chaw Yeah, mi done talkin' Yeah, mi dogs dem gun barkin', yeah Yeah, mi done talkin' Yeah, mi dogs dem gun barkin', yeah Yeah, mi done talkin' Yeah, mi dogs dem gun barkin', yeah Yeah, mi done talkin' Yeah, mi dogs dem gun barkin', yeah Hello, it's me again Tell a friend to tell a friend Got the boxes, not the Benz , man ah heard them paigons in the ends (Ee-yay) I no run away, I Bag him up like weed, I Yea I smoke them trees, I Free Siri, they gave him three five Eh, sana, sana, Kojo and Abz in the place, sana, sana See me on your block like eh, sana, sana They don't wanna war like eh, sana, sana, yeah, I go where I wanna Like, eh, sana, sana, them boy they know my face, sana, sana That paigon, yeah, I know he's a runner Get my YG to pepper man for a oner, holla Dee for the gunner"
Check,"Kojo Funds ] GA Hold me, never said you're gonna do that ( Yeah, yeah, yeah, yeah ) Move me ( Yeah-eh-eh ), never said that you would do that Now love me, never said that you would do that, mm-no, no, no Babe, look what you do to me, no Baby, I'm chillin' outside Baby, come and look into my eyes Yeah, I know the feelin' is right Yeah, I just need you tonight, need you tonight Baby girl, you're coming around, I know you're staying around Because you never wanna leave, bomboclaat And then I go in and out and then I hearing your sounds Saying I'm everything you need, ooh, yeah You wanna know where we can go All the way to Fernando You wanna be my Nintendo But you gotta know I don't play no games Everything I say is true I'd be a mess here without you And I'll hold you down, you don't need to stress So let me just lay upon your chest"
My 9ine,"She'll buss my nine Ya ya ya yaaa oh She'll buss my nine Ay eh Kojo 'n' Baba There's somebody, she is a cutie Very special, she holds all my bullets Take good care of me, when I am shooting But tonight I'm riding and she keeps me safe When I think I'm all alone She's always by my side You can come my side I think I'm all over you by my side You can come my side Why these niggas looking for trouble They don't want it with me, 'ah ya ya Acting like they on it, when they see me They be running away, 'ah ya yay eh I'm ready to ride she's outside Them niggas can't come to my side When she with me, I know that I'm fine 'cause I know she right by my side 'Cause if I ride for you, ride for you You'll be fine I'll buss my nine for you I will do all this time-iiime"
Dun Talkin’ (Remix),"Yeah, me dun talkin' Yeah, me dogs dem gun barkin', yeah Yeah, me dun talkin' Yeah, me dogs dem gun barkin', yeah Yeah, me dun talkin' Yeah, me dogs dem gun barkin', yeah Yeah, me dun talkin' Yeah, me dogs dem gun barkin', yeah Hello, it's me again Tell a friend to tell a friend Got the boxes, not the Benz Man ah heard them pagans in the ends, yeah I no run away, aiii Bag him up like weed, aiii Yeah, I smoke dem trees, aiii Free Siri, they gave him three-five Yeah, I'm done talking I drive foreigns cuh I'm done walking, and that's all facts My bro Rats got a spot filled with all straps Anytime I'm looking in my pot, bro, it's all crack And right now, these bitches are badder than ever Your broski got touched, go and bang for your bredda My young Gs are well known for damping up sweaters Niggas know Fredo, he's down for whatever Free up my niggas, I miss 'em the most That's why every week, we do dip-ins and ghost Got a show so we're bringing the smoke Only thing that you niggas are bringing is hoes I've got a thing for my East bitch She backs it proper and she won't pet to eat it I'm still turning one into three bricks So these songs ain't the only thing on remix"
Warning,"One time Two time Ya ya ya-yow One time, two time, what you tellin' me, darg? It's like ooh (it's a warning) One time, two time what you tellin' me, darg? It's like ooh (bore him) One time, two time what you tellin' me, darg? It's like ooh (it's a warning) One time, two time what you tellin' me, darg? It's like ooh (bore him) It's a warning, catch a paigon , bore him, yeah It's a warning, catch a paigon snoring, yeah It's a warning, catch a paigon, bore him, yeah It's a warning, catch a paigon snoring, yeah Informer, you look it inna my eyes I no go play oo I bun di bwoy dem deya Talkin' to police under my circle nah go run another day oo I bun di bwoy dem deya Informer, you look it inna my eyes I no go play oo I bun di bwoy dem deya Talkin' to police under my circle nah go run another day oo I bun di bwoy dem deya"
Who Am I?,"Smoke weed it's red eye You ain't my ally You don't wanna get boxed up like dead-eye When I remember the days of the semi Niggas cut through sho', sky like [Beck-I?] Get your papers, fuck the haters We don't par round here with investigators (Uh, yeah) Pigs and yats, yeah they're all instigators (Uh-huh) Got money on my mind, can't wait till later (Yeah, yeah) Yeah, crossing that line, it's on me I've been hitting the mic, my belly's hungry Younger's hollering me, they wanted B' Better jump on the train, that ways country (Yeah) Get P's ya' na With the G's ya' na You don't wanna come and compete ya' na Got two in the barrel, that's peak ya' na' And a thick bad B, in the sheets ya' na Who am I? Who are you? Blacked out whip in the night, that's how we cruise Big back ting in the back, that's how we do Don't do one any, my nigga, just gimme two Who am I? Who are you? Blacked out whip in the night, that's how we cruise Big back ting in the back, that's how we do Don't do one any, my nigga, just gimme two Who am I? Who are you? Blacked out whip in the night, that's how we cruise Big back ting in the back, that's how we do Don't do one any, my nigga, just gimme two Who am I? Who are you? Blacked out whip in the night, that's how we cruise Big back ting in the back, that's how we do Don't do one any, my nigga, just gimme two"
I Like,"Rymez Yeah Oh  na-na-na Yeah, yeah You see I'm liking the way that you force it up on me Baby  come with me, come and show me You  can phone me when you’re lonely I'm just tryna be your one and only I'm  liking the way that you force it up on me Baby come with me, come and show me You can phone me when you’re lonely I'm just tryna be your one and only I'm  liking your, I'm liking your waist Liking your, liking your waist Liking your, I'm liking your waist Liking your wa-a-aist Say whine it girl Come confide in me girl You're me guest, come in now, you can tie me girl And you're so fine when you twirl (Yeah, yeah) Just let me know if you want for me to stay I know di place You know it's bad the way I can’t concentrate without you Gyal, you’re so bloodclaat good, you know Don't take badman for a fool, you know Don’t make me haffi teach you like school, you know And I'ma give you that good wood, you know"
Arriba!,"And I don't wanna hear no stutter Catch a nigga slippin' like black butter Then I cut him up with a black cutter And I leave him in Stratford gutter, Stratford gutter No lie, the .45 ah make your chest decline And if you wanna ride then, come ride And I'ma hit him up yes, no lie, lie, lie, lie, lie Fuck the other side, fuck the other side If you wanna ride, you can ride I'll make your chest decline I'll make your chest decline, yo yo Fuck the other side, fuck the other side If you wanna ride, you can ride I'll make your chest decline I'll make your chest decline, yo yo Ah why you lyin' doe? Tell me why you lyin' doe Ah why you lyin' doe? Momodou better lay low when I say so, yeah Ah why you lyin' doe? Tell me why you lyin' doe Ah why you lyin' doe? Momodou better lay low when I say so, yeah"
My Wish,"Yah Yow Yah Ye-eah Yah GA Yow yow yow yow Hmm Kranium Yeah-e-yay Yo Kojo, weh she seh? She taking the best of me (Mhm) She taking the best of me (Yeah) Busy yeah, up in the morning Yeah-e-yay She laying right next to me (Next to me) She laying right next to me (Ohh) (Yeah, uh) Busy yeah, up in the morning She like the way I fuck the pussy up (Uh) (Ohh) Baby girl, I like the way you suck (Uh) Baby girl, I just don't stop 'cause I cum-realer Me know you like the way you have it for your dinner Me know you like the way you whine up your waist And baby girl, don't get mixed up in the place And baby girl, don't lie We can sex in the ride all night, yeah tonight"
