Title,Lyrics
Lost On You,"When you get older, plainer, saner Will you remember all the danger we came from? Burnin' like embers, falling tender Long before the days of no surrender years ago And will you know? So smoke 'em if you got 'em 'cause it's going down All I ever wanted was you I'll never get to heaven 'cause I don't know how Let's raise a glass or two To all the things I've lost on you, oh Tell me are they lost on you? Oh Just that you could cut me loose, oh After everything I've lost on you, is that lost on you? Oh, oh Oh, is that lost on you? Oh, oh Baby, is that lost on you? Is that lost on you? Wish that I could see the machinations Understand the toil of expectations in your mind Hold me like you never lost your patience Tell me that you love me more than hate me all the time And you're still mine"
Muddy Waters,We are kneeling at the rivers edge and tempting All the steps to follow closer right behind Is it only when you feel a part is empty That it’s gnawing at the corners of your mind I will ask you for mercy I will come to you blind What you’ll see is the worst me Not the last of my kind In the muddy water we’re falling In the muddy water we’re crawling Hold me down Hold me now Sold me out In the muddy waters we’re falling It is not clear why we choose the fire pathway Where we end is not the way that we had planned All the spirits gather 'round like its our last day To get across you know we’ll have to raise the sand
Other People,"I never tried to be a hero You took us from the stars to zero We had a love devout without a shred of doubt We never worried 'bout other people You broke the spell and wanted something else Well, go fuck yourself with other people Other people No more song, no more dance, no dance floor We left it all to chance, no encore We had a love devout without a shred of doubt We never worried 'bout other people You broke the spell and wanted something else Well, go fuck yourself with other people Oh, baby it's just your body Go, lay it on everybody They won't be there when you're sorry Other people Oh, baby it's just your body Will it know that you love somebody Who won't be there when you're sorry? Other people"
When We’re High,"There was a time, there was a life, I was inside my head Then finally I rested in your bed The bars, the dives, the worst of vibes I thought had come to pass But still I couldn’t seem to make it last I’d swallow the moon and the stars To follow the beat of your heart Oh when we’re high Oh my God, you blow my mind So let’s get high Live until we die, yeah Oh you and I, (you and I) Let’s just do it one more time, (one more time A million times) Let’s get high, (let's get high) Live until we die, yeah A state of mind collected like A slowly wound bouquet With memories of our favorite nights and days"
Forever For Now,"Hush, hush Don't say a word The faint cries can hardly be heard A storm lies beyond the horizon, barely Don’t stop we'll sleep through the days Like children that can’t stay awake Stay here untainted and safe... Stay while the melody’s sung Break like a wave on the run Hard to be sure I can’t say anymore I just know That it won’t last forever Rush, rush Take me away Like hourglass sand that never escapes Stars are born and then die, but carefree A slow clock that ticks without time And watched by an ocean of eyes Ending, ascending and then..."
Strange,"Hey Anyone can get love Anyone can get laid You know you're home when you find the ones who stay Brave enough not to tame They let you burst into flames Stoke the coals and then watch you blow They're the ones make you trust in the universe When you're lost and you're left and it's getting worse They're the ones who you know will get you by We are all strange And It ain't never never ever gonna change We are all strange And it ain't never ever never gonna change Hey Anyone can get paid Anyone can get saved Everyday I still walk into the wild The only thing I can see The only real guarantee Whenever I catch a knowing smile, yeah"
