Title,Lyrics
C4LL M3,"Dial me Call me Call me Whenever you’re alone call me, call me Call me Call me Call me Whenever you’re alone call me, call me You know I’m in love with the magic You know I’m in love with a bad bitch Found her on my phone it was tragic Told me that she loves me, that she loves me and I Don’t know what to do, what to do ‘Cuz I’m in love with you, love with you I’ve been making moves, making moves I still don’t know, still don’t know what to do I’m on my ones I’m getting funds I’m doing stuff, doing stuff, on my ones on my ones, so Call me Call me Call me Whenever you’re alone call me, call me Late night Want to see me again so I made time Waiting up by your phone for a face-time Heard on the grapevine That I’m on the rise like an incline On my way up couldn’t wait I Don’t really hesitate, levitate I Stay away from the hate, never late I Don’t know what to say so you looked deep into my eyes See a man’s whole life flash by From a young boy full of pain, full of pride I’m a victim but I hide in disguise I’ve been poisoned can’t you tell from my eyes? No enjoyment I wish I could of died I ain’t buoyant man I sink every time No avoidance see the hurt couldn’t hide I’ve been poisoned can’t you tell from my eyes, (tell from my eyes) So I don’t know what to do, I don’t want bother you Some days I just think about how I could properly run from the mess that I made Man I can’t promise you much but I know I could honour you I know I could be there through all of your struggles I know I could be there through all of you So if you’re alone just"
New Day,"Different than before At this stage more distance than before Shoes got laced I'm missing from the start line Set pace I'm different now I'm in my Element That's what separates me from you don't need no Elephant This room's full to the brim with eyes on me I'm Sitting on the floor Need no chair it's different my décor Too much flair these words do figure fours Say my prayer then head straight out the door Elegant Way I manipulate sounds, my rise is Imminent To the top and don't look down, look down Lifе can be a bit funny Sometimes good and somеtimes way too sunny I'm just 'bout that peace and happiness All that money brings too much stress I'm bless Just 'tryna' do my best Don't ever get pressed Don't ever get, don't ever get, don't ever get Old life moved up road What this new life is bro anyone knows Can't get trapped in dough Got to do my own rising so, best look sharp look lively Fix up Don't get stuck in the corner Brand new day so what's the mix up, mix up Vision's on point no, no mix up, fix up Yo, don't finesse yourself More life, more health Love and peace is all you need don't get caught up in the wealth It's there in abundance Just seek out what you love And the rest lines up like numbers And the rest lines up like patience Since day I've been 'bout' my sound since day I've been 'bout' my cadence Complacence's only 'gonna' hold me back so these days I move with fragrance And by that, I mean sweet You get what I mean It's flow like those that separate me from weak And that's on everyone else but me And that's on everyone else 'cuz' me myself got other intentions My path's at the top like mentions Your path's at the bottom needs help It's mad 'cuh' when I was there ain't none of you man try stretch yourself You know, helping hand Had to do it myself, my plan But now I got good plot lines to my movie So, I guess it all worked out groovy And I guess it's all rhyme and reason Cuz the plot gets thicker each season But I still just take it by day Don't stress 'bout' finer details Breach my lane and take my aim More life more sounds on the way"
From,"Tell me why I see suddenly That my whole family No longer wanna hide what they’ve hidden from me Life is cruel, now I know and I’m living freely ‘Cuz I’m done feeling bad, time is ticking quickly And I know, man I know, what is written for me In this world, when I go, no one’s waiting for me ‘Cuz it’s all been a joke, and we listen gleefully Hope your bubble don’t burst, and your script stays clean ‘Cuz I’ve been running round, and I’m still tryna flee In this great big world, said they’re coming for me And I wish I could stop see the world clearly But my thoughts set sail and I’m lost at sea Man I’m lost In the sauce, happens so easily When the sauce is me man it’s hard to stay clean But I’m gonna get well and I’ll live comfy When I find myself cuz I’m lost can’t see Been running round and I’m done Tell me what’s new Tell me why I Been running— Been running round ‘cuz I’m done Tell me what’s true Fill me with lies Been running— Been running round and I’m done Tell me what’s new Make me go high Been running— Been running round and I’m done Tell me why you Tell me why I"
3.0,"But that’s just life Life’s about timing And you know sometimes I think Maybe if I had been there, or done something Then this whole thing would of ended different But I guess that’s just life bro Life’s crazy like that But he was too young] Let me paint a picture, just a young kid never knew life would get ya Let me, (ugh) Take you through the scripture, if i could articulate the vision it would hit ya I don’t ‘wanna’ I don’t ‘wanna’ miss ya, but I see the pain in ur eyes and it flickers Back and forth And bro it’s getting quicker, I can feel your presence but I feel it’s getting dimmer Can you hear me? I look into the mirror, and I can’t see myself anymore I see a killer Im panicking My breath’s getting thinner, man I can't stand I feel drunk off the liquor Your spirit’s here Seeing lights, seeing figures, I fall to the floor lost hope lost vigour Help me I hear screams and I’m panicking my brain knows it’s happening I just ‘wanna’ scream out stop..."
3.1,Where you been? Who you seen? Do you think I wanna intervene? Whats your life? Have you grown? Man they see me rise and they want a piece I don’t know What I did Why all these man wanna switch on me If I knew Who I was Then I wouldn’t need you for anything And I wouldn’t trade it for anyone Do you think I’m living hella clean? Use to let shit weigh me down Then we turned around now its routine And yeh I see them playing fake But I don't act so I quit the scene And now I’m out here on my ones ‘n what’s a king without a… No name girls think they’re famous ‘cuz they ‘wanna’ pose with no clothes on to feel rated Man it’s baited No I don't want no girl who’s inflated with followers on Insta ’n now she’s too good for the guys who ‘ain’t fuck boys flirting online with emoji faces Man it’s all so crazy But still you ‘wanna’ come send text on text like u writing a novel What ‘d’ya know about grime and grovel In a time where girls wanna move like models ‘cuz they strip down bare for these likes like a new age brothel Looking more dead then a fossil ’N still we insane ‘cuz we give them this fame So if you ‘wanna’ come test come But know that I’m more then apostle More then a man just writing my bars for the purpose of your enjoyment Head's up like I’m buoyant Leave no disappointment man you snitch you inform them What’s your calling? Is it fake or important? Don’t ignore them I take hate I'm absorbent So I’m warning better rest till the morning If you’re corning get to work ‘cuz I’m here ’n ‘ain't nobody ‘gonna’ ever be mourned in the place that I’m living Unforgiving if you switch up the pace man'll think your misgiving but I’m winning ’N so I made the snakes start hissing but they stay in the grass and I ‘ain’t really ever seen ‘em risen I got ‘em locked down like a prison My ambition’s ten times any chance that they've ever been given So never think I don't stay winning Never think you’ll catch me slipping Never [think]
My,"Look at me what do you see Tell me what I should believe Life is not keeping me close Feel like you want me to leave Feel like I wanted to stay But now I just feel I want peace People won’t care if I’m gone Shoulders shed weight without me I wanna go, to where, the pain don’t hurt no more I wanna go, so then, the pain won’t hurt no more I feel my time is all borrowed Tell me why stay till tomorrow Happiness lies in skies But I’m stuck here drowning my sorrows Wish I could be here for longer But sadness is pulling me under Tell me why I should be brave I’m fed up of tryna be stronger I wanna go, to where, the pain don’t hurt no more I wanna go, so then, the pain won’t hurt no more I wanna go, to where, the pain don’t hurt no more I wanna go, so then, the pain won’t hurt no more"
3.3,"I ‘ain’t ever let nobody down And you a clown if you think a backs turned means i ‘ain’t ‘gonna’ hear a sound I look around and these kids running 'bout ‘tryna' spark up lies man I tried but I’ve lost count I see you drown in the darkness, I see you crouch I see your soul die down whenever I’m about And man I ‘wanna' feel bad but I’ve felt bad Took time gave it respect and you still wanna throw dirt on my name You playing games Man the whole team’s gone insane Who’s to blame? I been ‘outchere’ running things You’ve been inside ‘tryna’ keep up, ‘tryna’ pre, ‘tryna’ join the lane But you ‘ain’t even on the road man its all the same Insecure bodies looking for someone to blame I ‘ain’t even ‘tryna’ reach I’m just spitting things anyone's a target all you ‘gotta’ do is cross my brain And I’m done giving time to this shit Mike Myers ‘I’m’a’ move how I like in this bitch You’re tired I’m wide eyed never submit ‘I’m’a’ beast ’n I’ll fuck who I like man I just ‘wanna’ let shit slide but I can't ‘Cuz they all ‘wanna’ go pick teams and I’m last They all ‘wanna’ judge me looking from a slant They ‘ain’t even heard my side man enough, bro please I’ve done kept it real from the cut ’N i thought we sorted this when we discussed bro Now you’re just annoying me keep your mouth shut Never talk crud on my name unless you say it to my face, Yo And I keep it straight up Never done dirt man I’d rather spread love I don’t even ‘wanna’ talk shit I’m above this I just had to get a few words off my tongue"
3.2,"If I had my way I'd go Run away leave it alone Life is a drag Not even talkin’ bout hoes My life is more then I know If you don't (uh) If you don't know about me Beg u just leave me alone Time feeling lagged I’m just gone sit here and zone Write about 0’s on my phone I just don't I just don’t understand people that jump up and down to my flows Is it a joke? Are u just taking the piss Do you want see a man blow? I just don't (ah) I just don’t trust you I’m sorry Know that future is starry Boys wanna act like safari I just see opps and i eat ‘em up like calamari You man are faking Heard u want beef and I’m quaking Really you muss’ be mistaken Don’t I look like I am taking Over the game yeh I’m racing Right past you boys that are snaking - I just want I just want make it I just want’ feel like I’m rated All my life anticipated Seeing myself on the stages, but yo - Lately they chatting it gets to my head ‘Tryna’ stay focused I watch where I tread Traps have been planted they wanting me dead Maybe I'm not meant to be where I said Maybe my whole life is really a lie Tell me I’m poisoned just look in my eyes Money and fame it just wouldn’t suffice I just want feel right inside, I just want -"
Crypto Crisis,"Doors slide open, my eyes wide open, my heart Over focused, my mind’s just loading my art Pace my local, I place my loving at last Can’t be trusted, my minds corrupted, I’m art Eyes on steely, the tracks on blue and it ticks Can’t step forward, got something to say but I miss Break the matrix, I don’t pack pills for my bliss Social queues, I wait in place till I realise This ain’t what living life’s for, foot on the floor I take steps, moving off course I wade depths, breaking the force I’m late yet, I’m backing my sauce The taste test, how I’m living now Diffеrent rounds, different sound Finding mysеlf, (yeh) I’m distant Checking my health, (yeh) I’m listening Finding myself, (yeh) I’m distant Meeting your eyes, (yeh) they’re glistening Speaking my mind, I’m moving freer now, ain’t I proud Strict visions of success, my complex is differently built I can’t rest I eat stress, my digestion’s solid Separate from the rest, I’m on it Really truly if I’m honest, let me confide with you The type to win me over with a smile Talk sense and I’ll back it for a while - maybe longer But I ain’t a believer in forever So do what you will it’s whatever, it’s whatever"
