Title,Lyrics
Return of the Mac,"RIP Mo Latz Biskit Free Smarko Double S The return of the Mac (Mac, Mac) Spartan's marksman, Kennington sergeant Tryna menace ya 'til I'm back My friends in the pen Told them 'til the end, just after the laugh and the bants (Bants) Chocolate darlin', just passin' Wanna know if I’m actually back Eleven boy, veteran, be gang (Uh) We're a militant camp (Uh) We're the 21st century Spartans Of South London, the majority are black Can't wait to return to my camp Bring about this back, turn the South to Iraq (To Iraq) Pull up on a don like this Every individual clap (Clap) It’s been hard as a typical black (Black) It's M-I-double Z-Y or M-A-C, or Samurai Jack (Uh) Life's really been about 3's, and RIP's, it's turnin' me mad (Uh) When I think about Bis, I scream I try go sleep and then I see Latz (Latz) It's the return of the team That combat with two shanks and attacks (Attacks) Double S, double S That's Spartans Supreme (Ayy) Everyone screamin' out 'diligent' Do you even know what 'diligent' means? These years been far from brilliant All of them tears put a villain in me (Me) Now all my friends that were Kennington Now a lot of them ain’t really with me New paragraph (New paragraph) Still went and bought like guys in advance No transport then we march in the dark When I get deep thoughts I think 'bout the past Got a man up 'cah I'm still in the boat Naghz in the cut still handlin' the 4 SD got artillery for the bore And Biskit , I miss him to the core (Core) Sav soon out, he'll be joining the war Jojo's next, he'll be joinin' us all Free TG and free GSmarko Free TY, what you think he's in for? Free 2 G’s, what you think he's in for? Free Scratcha, what you think he's in for? Free Lil Jazz and free Lil Jugg (Free up, free up)"
Bites The Dust (Drill Sensei Mashup),"Ay Bis, tell 'em I’m Harlem oh, oh, oh Harlem only, Kennington baby, star with a hood beat flow Aydee do snow in O Bisky do green like Grove Spartan, we push things in smoke Love, nah, nah, we ain't giving no hope I ain't Romeo and now hold, hold Bake in the party, chocolate Barbie waiting on me for a ""Yo"" In the back is Jo, I ride in shotgun, the driver’s unknown Two wheels, two men, one skeng, come ped, let's see who gets home Skeet, skeet, skeet, skeet, see man run like I ain't involved My main bitch is my flick, my side bitch is my stick S.A with that black blade, yeah, one flick and get dipped Blood drip off the dip dip, it's a splash ting when we grip It's Harlеm, bitch, Spartans looking all Harlem-ish HS Gaza strip, splash splash like Kanye and Kim"
Say Mizzy,"One, two step like Ciara Throw it (Shoot) like Ngbaka did (Blah) If the Spartans ever come to a vote And they want this guy that I've known from school Then I can't lie, I'm on him too Only we know what we been through Put my feelings aside and go Scheme on the target, wait for the green light Then let my reh-teh go Cah we pull up on folks like, ""Who's?"" (Who?) Familiar face, then shoot In the field, there's me or you (Or you) And you (And you) and you (And you) So even if I blow in music The truth is I'll still be a goon Handlin' stuff in the field , yeah, yeah Who provides for the family too? (Who?) Mac bare extravagant waps Inconspicuous tints I ride dot-dot in the back It's Naghz on the left, where Phineas sits (Phineas) One, two step like Ciara Throw it (Shoot) like Ngbaka did (Blah) See how everybody hates Chris ? That's how everybody hates Miz Used to play a game on the K Who can wet the most blades opposite? (Who?) And I was a potential bae (Bae) When I heard SA was on the wing (Latz) That's a real legend on the K Now it's money and fame, and Brazilian tings (Peng) Everybody talk about war (War) What you niggas know about war? What you know about invadin' flats? Eradicate camps, and make them deport? And confidential explores? (Skrrt, skrrt) What you know about hangin' out whips? Impeccable clips, torrential storms? Sixteen runnin' outdoors? (Doors) Turn estates to a pond I run out the car, screamin' ""Sixty"" Bet they didn't know it was a Harlem don This life that we're livin' is risky Apology if it's a violent song And police might say that it's dangerous But it's entertainment, shut them govs (Shut up) Tell 'em, ""Free up my partner Savage"" He did no lackin', he showed them knives (Free him) Me and him in the cell, reminiscin' We sat up in prison, recappin' on rides Now remember that GG jammed on his head? That was old school pushback times She heard on the streets I'm reckless Though I ain't showed her my reckless side And we don't realise what we're doin' to the hearts of our loves when we do this crime (Nope) But it's never in our head when we're out for revenge And we're sittin' in a car like Ice (Ice) Opp block, opp block, opp block That's who I hear when I listen to guys (Swear down)"
Right Step Left,"Right step, left Make a finger two-tap We invented two shanks Spartan or the Ku clan Covered up to my hat Right step, left Throw your arm and move back Make a finger two-tap Spartan or the Ku clan Spartans, we invented two shanks We made opp boys move flats Covered up to my hat Right step, left, left Throw your arm and move back (Back) Make a finger two-tap (Tap) Spartan or the Ku clan Spartans, we invented two shanks We made opp boys move flats (Flats) Covered up to my hat (Hat) Bladadada, bla, my Spartalets are all gassed Riding round likе ""Who's that?"" (who's that) Breach the border gеt clapped Tellin 'em when I was your age, I went mad (mad) Scored so much had a decimal, incredible For zone they had dashed Kennington, we set trends, we don't cap (nope) Out for a IC3, spillin' celebrity juice, splash Send him on ITV I lost SA, then lost Bisky I lost my mind, I clutched my heat (thirty two) Naghz just run out with yak, just screamin' out Macs They took our Gs, so don't ask why I'm still in the streets"
Sparta  (Unreleased),"When we're  screaming out sparta Or inlaws screaming out ku And we all slide round there he's a barber And we wanna be like Lukaku Times when i wanna scream out mama mama 'cause im out baby drilling like stu And we know that we can't be half ass Always gonna be ten against two When we're  screaming out sparta Or inlaws screaming out ku And we all slide round there he's a barber And we wanna be like Lukaku Times when i wanna scream out mama mama 'cause im out baby drilling likе stu And we know that we can't be half ass Always gonna bе ten against two And we come a long way from going to county Now its black on black and blades on estates 'Cah accelerate, ran out an invade And watch how we stained there tops in red paint Little niggas rap they dont know there traits From Tennessee to McDs it got taped Now I walk in the shop they look at me strange To the point I say boss don't watch we're ok And I ain't proud of the life by the way Im embarrassed of the life i've portrayed Running out, Doing run downs for the K Don't judge me for your family you’d do the same Run if your throwing up (shushshush) Ride if your throwing up ks All of this skudu and dudu"
