Title,Lyrics
Liar Liar,"Liar Liar Claimin' that you're a gyalist Claimin' that you're a gangster Claimin' you gon' rob me Claimin' that you're a Trapstar Claimin' that you gon' shoot man Claimin' that you gon' stab man Stop it, you ain't no bad man Blud, you're a li-li-li-li-liar (Liar) Li-li-li-li-liar (Liar) Li-li-li-li-liar (Liar) Li-li-li-li-liar (Liar) Damn, fuck! Where's my mind gone? I can't let bygones be bygones if niggas touch my darg Grabbed by Shaitan Wanna tell me suttin'? Please tell me later cah you just ate bacon You can't whisper in my ear, no That bitch aired me back then, ha, look who's gettin' aired now ""I swear I dipped that Yute"" So if you're gonna tell the story, nigga, please tell the truth, man I can't trust nobody (Nobody) I learned that the hard way (Hard way) Riding out in broad day (Broad way) They say they love me but it's all hate They're screamin', ""Gang gang"" But your gyal, they will fuck yours Follow me, I follow you but we are not dargs Madman, badman, then why you love talk? Hotspice, spicy, she got the hot sauce"
Liar Liar (Remix),"Liar Liar Cl-cl-claimin' that you're a gyalist , claimin' that you're a gangster Claimin' you gon' rob me, caimin' that you're a trap star Claimin' that you gon' shoot man, claimin' that you gon' stab man S-s-s-stop it, you-you ain't a bad man Blud, you're a li-li-li-li-liar (Liar) Li-li-li-li-liar (Liar) Li-li-li-li-liar (Liar) Li-li-li-li-liar (Liar) Ta-Tally Keep up with the lies, fam, it's hard for them (Hard for them) You're not lyin', say, ""Wallahi"" then Them man lyin', say their team went and bought sticks About arsenals, your team never bought shit (Dickhead) It's not by force, be a goon (Be a goon) 'Cah there's no turnin' back when it booms (Bo-boom) You got caught dabbin' in a rave (What else?) Now the doctors are dabbin' on your wounds Everybody is a G till the war spreads and the arms in your face, call him Ahmed Mi no wan' stress, I'd rather a bad B Feel my D in her abs, call me Abdi (Uck) When the brain's shit, what the fuck's this? So much uck, you would think I'm from Uxbridge Self-made, I eat Thai in tuxes Stop-stop lyin', you ain't hustlers (Ah)"
What I Wanna,"Yeah, yeah, yeah, yeah You know I party with savages In the club and I rass up the cannabis Rass and rass and rass and rass 'em I think I lost my mind, I can't find that shit I'm reckless in this life I live I don't think sometimes I don't even know why, baby I just live my life I just do what I wanna, when I wanna, how I wanna (I just do what I wanna, when I wanna, how I wanna) Baby gyal I just do what I wanna, when I wanna, how I wanna I just do what I wanna, when I wanna, how I wanna I like to kiss and cuddle and what? Still a baddaman 'pon da baddaman block Big ass jacket in Dubai, don't ask why ""Ayy, pass me the keys, let me drive"" 'Cah you've been smoking too much skunk Plus I drive better when I'm drunk I treat the car like a go-kart Wouldn't-a bussed that red light if I was sober I don't respect my olders I do what I want you can't tell me no I said, ""I'm gonna be a star"" Girl, I told you so Don't be that guy that owes me dough Send my 'ooter down there with the chrome-y chrome She's like, ""When are you free?"" ""Never bitch I cost, if you drop out me"" That's your loss I switch countries like I switch socks Pull up, pull up when I drop that gloss"
Screw & Brew,"Chilling with some shottas and 'ooters Who you got in your crew? Bruddas wanna screw & brew MIST told me, what did we do? Yeah niggas wanna brew about the language Why? 'Cause I grew with the akhis In a room where the Mac and the rack is Yeah, niggas get yacked for your package, yacked for your package Wan' brew about this karla Why? 'Cause I grew with the apnas In a room with a Mac from the Gaza Yeah, niggas get yacked for your danas , yacked for your danas When we come through, what happens? Niggas step back, why? Because they see us in a jet black And we don't catch feelings We just catch flights and get jet lagged Go call your brudda we just get straps Came through with the cheese uh MIST came through smelling of sativa I'm chilling with some real drugga' dealers And I got more shooters than FIFA I like to strap with raws Sold out, bookings and tours (bookings and tours) I remember days being broke I was sleeping on my bedroom floor"
Let It Ring,"Yawning Boring, check the points and you're scoring Said you're gonna ride but you're stalling, stalling If it ain't about money why we warring? Fuck the talking And let it ring, let's make it ring-a-ring, let's let it ring Why you stalling bro? But you no go do a thing Why she calling Mo She make my WhatsApp bling Let's let it ring-a-ring, a ring Slow down, don't rush the ting I'm with the mansdem and they just wan' buss the ting Drive a gyal crazy, she hits the clutch and ting It ain't just females, we don't trust the thing You're with ballers, gorgeous Me and gyal are talking I'm the gyaldem sergeant This is more than awkward Lookin' for a bae like a car in parking Tell that gyal go away, she was more than stalking Drop the gyal loud, she was more than balling And he thinks he took my girl, I was more than laughing Wine it, dine it Don't try the fire Online they're hyping And on the net they're lying, just let it ring You got a strap but you no go do a thing You're claim you trap but your line never ring Aye, what's your number? Type it in Ay this is fake, yawning ,  let me ring"
Stinking Rich,"ILL BLU All I want is more life and more vagina Thought I was broke until the gwap surprised her Couldn't line up girls, and now the girls are lined up Bro let off bells, he's the Glock provider Bang, bang, bang, let off another round If no one's touched, then it'll come back around, for another round With some drillers in some council houses That will come through and cancel your houses Ah, what you on about? We was about, you was not about Gang got the shot around, in case these niggas want a round I would give a fuck about you niggas but the inner me is kinda telling me I'm not allowed And now there's blood 'pon my arm and a leg Like I chopped up an arm and a leg I would dash away these clothes, but these labels on my arm and a leg Kinda cost me arm and a leg, pussy I went from a chump to a champ, yes I flipped this script You'd get blind if I flicked this wrist I came in the tinted shivs She said, ""What's your perfume?"" I said, ""I'm stinkin', stinkin' rich"" I went from a chump to a champ, yes I flipped this script You'd get blind if I flicked this wrist I came in the tinted shivs She said, ""What's your perfume?"" I said, ""I'm stinkin', stinkin' rich"""
Ussy Ussy,"You keep the ussy, ussy exclusive You keep the ussy, ussy exclusive You see you You been my baby since day one They been getting jealous since day two Link up when your day’s three And let me tell you why I rate you You keep the ussy, ussy exclusive Oh you nah rass it to anyone Oh you nah pass it to anyone Oh you’re not giving up to anyone (Dally!) I am kicksting on a Monday Chilling back on a Tuesday Next day I with my Woman Crush Wednesday But I should turn her to my Throwback Thursday (Why?) Cause she’s always moaning about my Friday But my Saturdays are a next ting Sunday I was stressing Cause I heard my own G got arrested She hate it when I'm on the block, block Dem-a pree me, pree me, dem-a wanna war watch My gyal looking like a fucking top notch When she back it up, back it up it’s a fucking lot, lot, lot-lot I’m scared of mice and spiders But I ain’t scared of your main team’s riders Hotel room, with mamacita I feel sorry for the cleaner"
Daily Duppy,"Ooh i'm off the liquor Illin' with the sticka I don't fuck with that nigga Ahh I'm off the liquor Illin' with the sticka I don't fuck with that nigga TSB Yo, too much soft youts, not enough savage See my eye bags, I carry nuff baggage I'm still on the roads, I'm a street addict How the hell they broke and they still feed their weed habits? Niggas say they ride if they touch me Got touched and it's only me on some fuckery Niggas say they love me, they ain't really loving me Unless you think loving me is seeing me and spudding me Oh yeah, blud I got family out of nowhere 'Cause I've been making noise for the whole year And my advice is don't stare, I beg you don't dare I'm wid' the yout with no care, I'll leave man with no hair I'm really from the block I could never pretend, I swear he fucks with the opps? We'll never be friends You're round them so much you even smell like them If I grab her by 9, I'll have her back by 10, AM Bro got nicked for a charge, AM I swear that's the feds in the car, I hate them I heard they want beef with the squad and say when man pull up and spray skengs, yo I gotta pray before I leave my house I got a lot of fucked niggas tryna take man down They scheme, they browse, you was my bro, my pal We don't speak but your secrets don't leave my mouth, haaa I'm with the soul killers, you know the roads are vicious I heard my bro snitchin', and it hurts 'cause I love and miss him They called us broke they were so malicious Mmm, mmm, revenge taste so delicious Why you naked on the gram, yo shawty That ain't just your puss, that's everyone's punani Wife dat gyal, nah, nah, that ain't me B My gyal wouldn't even post a pic in bikini Look now, niggas tryna diss me 'cause I'm known You made a vid with my jewels, and you still ain't blown Keep the drillers in the hood, they'll turn everyone cabbage All the nerds we can swap them for 21 Savage I'm shopping for a mash, nigga send me all the prices In my 20's and I've had a midlife crisis Shot in my back, I never said shit How dare you call me snitch, are you fucking sick? I'm a psycho, that's sicker I just drink weed and smoke liquor Never trust a nigga, I had no father figure Always my dick and my balls that she lick-ah Then when she went lower than my balls I just shiver Busy on the block man, I never done study You ain't seen dirt man, you never did muddy In school you was a nerd and now you're coming back cruddy When I gave the shank to my bro, he brought it back bloody They tried to take me down but I'm deya How dare you think a weapon's more stronger than prayer I'm more than blessed, I'm more than flex Oi gyal I can't stay, this ain't more than sex It is what it is Ain't showering for weeks 'cause I'm tryna get stinking rich Sometimes you have to sink that ship, like fuck friendships You weren't real from the start, man you always told fibs, yo Show me you're loyal and I got you for life Show me betrayal I'ma cut you with knife Mummy don't cry, everyting's alright I just bought a new home, everyting's all white But man are still reckless and ruthless, don't let me have to prove it I'ma really do something stupid, I'ma hit the target if I shoot it The only thing I miss is J Hus' new music"
Block Popping,"Let's get the block, block Let's get the block popping (popping) Nigga yo this beef ain't stopping (stopping) Until somebody's dropping (dropping) Let's get the block popping I don't trust myself little nigga that's brave If I ever go broke I'mma rob from my safe Shooting in the air What, you tryna kill magpies? Now you wanna gwan like you're Mr. Bad Guy This is rude boy banger not a soft one After this tune, fuck it I'ma make a pop one Met 99 badmans, you are not one Grab the controller, I make a nigga Popcaan And I'm never on a waste ting Charlie These niggas fake man they ain't got me Click, clack let's ride I got my gloves on Riding on my old friends Fuck where's the love gone This road ting is shit I ain't gonna gas Stacking up my money 'til my yards like a block of flats Lining up the gunners like we got a match We know the other side are runners but we gotta catch"
