Title,Lyrics
Nuit,"Je ride solo dans la ville 400 coins je la file 45 coins je suis dans ma city Y a qu’avec toi que j’ai envie de chill Cours après cash toute la journée je pense à oit J’ai pensées bres-som dans le veau-cer, du pilon sur les oid Faut qu’on se barre d’ici, tout est bre-som par ici La muerte nous a caressés, les étoiles brillent le soir ici Faut qu’on se barre d’ici, tout est bre-som par ici Tout est bre-som par ici, les étoiles brillent le soir ici Tous les autres c’est des ennemis Shawty fait tourner le Hennessy J’ai planqué le gun ici Y'a le xany pour t’amuser Tous les autres c’est des ennemis, je veux que` Ma maman me félicite, tout est si noirci par ici Baby mama ne vient pas d’ici Tu connais la chanson hey Tout ça est tentant hey Je pull up comme fantôme T’attendais ça depuis longtemps yeah Hennessy, par ici, shawty dont le boule est tendre Shawty fait tourner le blunt"
TDB,"Han, han Han, han (eh, eh) Eh, eh Alalalah Han, han À bat la dèche, balade en bolide deutsch (skurt, skurt) La miss, elle est fraîche, j'ai baissé la vitre, j'té-ma son kerch (j'té-ma son karr) Ça rend fou l'business, la puce et les ges-sh' (la puce, les ges-sh') J'arbat selek , bâtard, pourquoi t'es sur la file de gauche ? (Allez, dégage ta mère) J'suis avec les Malgaches, Comocos, Soninkés ou 'Geshs Si elle fait la belle, c'est pas compliqué, elle r'part en Heetch (elle rentre chez sa mère) T'es paro, tu t'caches, tu fais l'bandit mais tu vends la mèche Même quand il fait aud-ch, sur Paris, les p'tits r'vendent la neige (yeah) Wesh mon frère, labess ? Faut pas qu'tu retournes ta veste (tu retournes ta ste-ve) Elle veut sac Hermès, YSL, Prada, les toutes nouvelles pièces (les toutes nouvelles pièces) Et ça fume la kush (kush), que d'la frappe qui t'couche Eux que ils s'touchent, c'est des flockos mais ils ont grave la bouche J'quitte la zone, j'benda en Côte d'Azur (benda, benda) Kotazo (yeah), bina kotazo (bina, bina kotazo) Médusa (yeah), Off-White, Mauboussin (Off-White, Off-White) J'quitte la zone (j'quitte la zone), bigo en mode avion (eh, eh) Hamdou', jusqu'ici, tudo bem (tudo bem) Y a brouille-em, ça peut tu-tu bang Mon frère, labess, tout, tout baigne Ma baby, elle stresse, j'suis tout l'temps avec le gang"
Cobra,"Oh[?] Ah, ah, ah, ah Le cup, plein Des pouffiasses y en a plein Ta pétasse est prête à sucer pour porter Phillipp Plein Jeune négro fume l'herbe des pakates J'ai les cojones comme papa Oly'squad on est 11 on attaque S'tu nous essayes c'est la cata' J'ride comme Tony Hawk's J'navigue dans sa chnek comme un yacht Ils tombent comme dominos J'fais les diez incognito Wallay (ah), j'inhale, royal (ah), j'suis die Négro j'suis dans les temps Chatte est domptée La feuille est jaune, négro D'vine c'qu'on fume, négro Elle aime mes sapes, j'aime faire du sale juste pour le fun, négro J'suis avec ta p'tite, yo J'fly dans l'vide, yo J'aime quand elle mouille, j'aime qu'on m'paye en liquide, yo La feuille est jaune, négro D'vine c'qu'on fume, négro V'la les pétasses à nos pattes Et j'sais qu't'as l'seum, négro J'ride avec ta p'tite, yo J'fly dans l'vide, yo J'aime quand elle mouille, j'aime qu'on m'paye en liquide, yo"
Saloon,"T'as vu mes cowboys, t'as vu mes cowboys T'as vu mes cowboys, fuck avec O'Boy, yeah, yeah T'as vu mes cowboys, t'as vu mes cowboys T'as vu mes cowboys, fuck avec O'Boy T'as vu mes cowboys, t'appelles le S.W.A.T Illicite dans le convoi pour nourrir la boîte Toi tu la convoites, moi je la doigte 31 victoires pour combler le mois L'homme court à sa perte même sort ont leur chatte Y-3 est la paire , crânienne est la boîte J'ai mis la tenue la plus adéquate Ma bite est vêtue, sa schnek est moite J'n'attends rien de personne, donc personne ne me déçoit On est jamais mieux reçu que quand c'est chez soi Si y a v'la d'la pussy, si on est dans la rée-soi On te met la fle-gi, est-ce que tu nous reçoit ? Damn, motherfucker je ne baise qu'avec de la frappe Si ils se taisent c'est parce qu'on a frappé D'illicite est rempli le sac Je n'ai pas le temps, je n'ai pas le temps Parles-moi biff ou sinon fout le camp Je n'ai pas le temps, quand on fait nos diez on les fait seulement, salement pe-stu planqué dans le caleçon J'suis un génie, sans gêne, y a que par l'or que je suis enchaîné Ta chienne est cheum, la mienne à genou en train d'se lécher la che-bou"
Douce,"Enlève ton ge-strin, emmène des lovés Ils ont mêmes instrus, ils ont mêmes covers Oh merde mon négro fait un donner la gow ne danse plus elle veut m'chauffer Son négro ne pèse plus elle est opé' Monnaie c'est tout ce qu'on veut chopper Troubles dans l'esprit négro j'suis posé Moment trop speed substance est dosée Les idées pas fluides on devient coquins elle veut connaître la suite sans son copain J'roule en deuspi sur le côté, j'ai tout mon inspi quand elle veut cocker Mon bébé j'suis dopé on fait ça pour l'souper J'suis sous lean, elle sous C, elle enlève son soutif quand j'consomme la douce Le Miranda se mélange maintenant elle veut me gué-lan Mais j'vesqui ça tes belles formes et ces fesses que t'as Y a pas qu'mes cornes qui poussent, chica Et là elle m'téma comme dès le départ Ta meuf est cheum pas comme celle qui est là Junk, Euphon, ou Tequila, elle pépom comme Dracula Elle sait qu'le négro a trop d'culot Elle veut fuck avec un nigga comme moi Toutes ses potes lui disent que j'suis qu'un connard Leur mojo dans un fucking coma À présent elle m'appartient comme demain"
Cabeza,"La cabeza Ils ont grave le seum (ils ont grave le mort) Posé, j'bois mon Capri-Sun (j'sirote ça) Une vie pas très saine (une vie pas très saine) J'veux pas voir ma sse-lia rétrécir (nan, nan) Donc les manches; j'ai dû retrousser Elle veut l'anneau mais j'suis pas pressé (j'suis pas pressé) Là, j'suis pété sous (là, j'suis pété) Pilon qui t'fait tousser Elle veut quoi la-celle ? Nouveau YSL, j'lui dis ""fais des sous"" (vas-y, fais partir) Nan mais j'hallucine, on n'est pas tout seul dans ma cabeza (dans ma te-tê, dans ma te-tê) Toutes les positions (toutes les positions) Dans des bonnes conditions (dans des bonnes conditions) Toutes les positions (toutes les positions) J'vais pas t'faire un dessin Ils ont l'mort, j'les vois tous câbler J'ai pas l'time, faut mes ous-s, cabrón Gucci, Fendi, y a des bijoux qui brillent Elle a walou mais j'la vois s'cambrer Ils ont l'mort, j'les vois tous câbler J'ai pas l'time, faut mes ous-s, cabrón Gucci, Fendi, y a des bijoux qui brillent Elle a walou mais j'la vois s'cambrer Là, j’suis pété, pas sous pichta Mais sous pétou, toute l’année V’là les pétards, dans la te-boî Mais j’vais pas rester toute la nuit"
Avec toi,"Dans la caisse, déshabille-toi dans la caisse J'ai d'la ppe-fra dans ma veste, on a grandi dans la hess J'ai des pensées pour toi , trouvé du temps pour toi Trouve-moi à minuit, j'ai souvent d'l'insomnie Souffle ça quand j'conduis, viens, on roule seuls dans la ville Monte dans la caisse, viens, on s'barre quelqu'part dans l'Est J'ai d'la poudre quelqu'part dans ma veste Et j'fuis les 22 comme la peste, eh Tue l'ennui, j'veux qu'on s'retrouve à minuit J'sais qu't'aimes mais y en a qui maudissent Et j'sais qu'ils aiment pas quand on sourit, yeah Ma maman disait vrai, donc on s'fait discret J'ai le cœur si frais, viens plonger dans l'ivresse, viens, on oublie tout deux l'après Trouve-moi à minuit, j'ai souvent d'l'insomnie Souffle ça quand j'conduis, viens, on roule seuls dans la ville Quand j'suis avec toi, y a un tas d'choses que j'oublie Roule avec moi dans l'gamos, dans la ville Roule avec toi, j'recompte pour tuer l'ennui Viens, on fume toute la weed Trouve-moi à minuit, j'ai souvent d'l'insomnie Souffle ça quand j'conduis, viens, on roule seuls dans la ville Quand j'suis avec toi, y a un tas d'choses que j'oublie Roule avec moi dans l'gamos, dans la ville Roule avec toi, j'recompte pour tuer l'ennui Viens, on fume toute la weed"
Cruel,"Yeah, yeah, yeah Mmmh Han, han, han On pull up, on défouraille (yeah), troisième doigt fièrement On va t'niquer ta grand-mère, tu feras rien (yeah, yeah) Elle veut le Rover, le Patek, les sièges tout en cuir dans la Ferrari C’est tout pour le gang, mentalité Ferrara J'suis trop loin devant, tu vois que mes phares arrières (trop loin) Le sang, le sale, on peut varier, Southside, le barrio Si tu bossеs pas, t’auras rien, plus de clients lеs fériés (plus de clients, eh) Ça bédave la beldia (bédave la beldia, eh, eh) La beugeuh qui t'rend pendejo (yeah, yeah yeah, yeah) C't enculé est yomb de moi (c't'enculé est yomb de moi, yeah, yeah, yeah) J'comprends pas, c'est un fan de ouf (yeah, yeah, yeah) Un flow tah l'Amérique, amazing slatt, bro’ (slatt) Elle veut qu’on se marie (yeah) mais j'suis un salaud Elle veut le Gucci, le LV carreaux (le Gucci, le LV slatt) Le gamos prend trop d’place, j'sais plus où m'garer (yeah) Un flow tah l'Amérique, amazing slatt, bro’ (ça sent l'Amérique) Elle veut qu'on se marie mais j'suis un salaud (mais j'suis un salaud) Elle veut le Gucci, le LV carreaux (LV carreaux, le Gucci) Le gamos prend trop d'place, j'sais plus où m'garer"
