Title,Lyrics
VDM,"I know opps that ain't on shit They rap real good, but they ain't on piss The life I live is intense Run down opps and old school friends I look for my darkest trackie Jump on a ped, lets lurk for them I got two in a sawn-off dots or I got  four in a .32 Glock You don't wanna get caught and shot Last time bro did that he hit mans top Got beef on the street with opps So I can't lack and I get man got We got rambo's, dotty's and Glocks I need more dingers I need more dingers, the beefs on tops Went round to lock off that block Me, Little Dan, that's a violent squad If you run, get caught and chopped PYC , that's you and your boss Free my broski Splash He likes to aim for your chest and back Free my broski Jugg Light and B when he's sitting in the trap Pedal bike or beef for the cash Or push bike days with a loaded wap You don't wanna get caught and splashed I live what I rap, when I rap, that's facts I'm tryna put these opps in the dirt Yuck-yuck, my shanks in his shirt I got beef with grown ass nerds Opps get wet, get drenched, get burst I'm tryna put your boss in the earth We back our shanks, I'mma get you first She's brown, cute and prestige But hold on b, I wan' jeet and skeet"
Next Up - S2-E10 - Pt. 1,"Sykes, Sykes Hot steppin' out with my blade With a sawn-off dots from my knees to my waist Jump out on yutes Assist my arm, aim high and shoot Me and bro wanna turn man zoots Invest in dingers, trap and move Bisky traps too, he will also do up your chest for the crew Rise and rise, skengs on peds with violent guys Or 4 man stuffed in da ride, 3 shanks, one mash, let's go and dine Run down opps and spill their wine He got... then shot, that's fine Shouout Jugg and free da guys Or 2 man step tryna pierce man's spine Let's fill this whip and lurk Back my blade, tryna hurt this nerd He done a whole 1-6 reverse All up to now, he ain't namеd one works You gotta trap mash bread, get first My lyca twеrkz, my phone is burst I'm in the bando, bagging up percs Brick in a box, put it straight on a curb Let's talk about shottin I'm on the ends I do it no problem Don-don is kway, outin packs, he does it often Now back to the violence Loose is signed but he still does chingings Ay what, are you listening, fuck the feds and 3 all my siblings"
Bta,"Spartans back to attack .32 get slapped Harlem's locked in the can 300, Kennington gang Drip on me but the spill's in my hand Drills on drills Aim at hats when I grip this steel (Boy) Rip your vest, grip my blade and do your chest Asia's catty, and her older brother's a patty I got opps get wassy, most man dash, turn into athletes (Stop running) Free-flow settings, I don't need no plug in my sock (I don't need that) I can fist man, quick like Zico, and still go to the block Spartans put corn in tops Free GS he tried turn man off (Free G) I was 14 with one in my dots By 18 I touched up numerous opps Thameside I'm swinging my fist Adjudications and nicking slips Bad Bs wanna fuck this kid I'm Jazz OnDrills, and her boyfriends shit I'm HS but Ku in the brain I done it like Kess when I chinged his face Mackerel smell and coal leave tastе Radio 1 MizMac on play (Free M) Get money on the road, free TG Govs on mе, six days in CC See opps and they're moving speedy Splash man down and my shank's all leaky (It's wet) I was 17 slapping off shotties In Year 10 I was doing man properly (Go check that) I got bagged for a murder I do bootings and invest in waps"
Next Up - S2-E10 - Pt 2,"Sebz Beats, baby The life that I live is nuts I do drills, tryna get man touched 4 man up in a blacked-out whip We do it, tryna tape off strips 2 man sit on a ped I'm on the back with a loaded skeng Feds want me back in the pen Birded off, man, free my friends I ain’t tryna go to prison And I ain't tryna meet that grave I ain't tryna lack on the streets Buck into me, get cheffed up bait Barbies cat for the gang 2 man ride with a loaded tray You don’t wanna be like your mates Back that blade and over the waist This war won't end, invest in skengs, tryna get man slapped Me and [?] **** bruckеd down zeds and served thеse cats Pedal bike, more two waps, no chattings, go ask- Anytime we get that drop, OnDrills just wants to crash They come to the ends in their [?] cars and their whips get smashed I was on the block, 2 man up and 10 of them dashed I get so trappy in the ends, 'nuff kitties go 'n check my stats"
