Title,Lyrics
Lowlife,"Old suitcase, clean getaway I'm the one who takes the blame again New day but the same lines I feel like a victim of the dollar sign All these years on my own Fight my fight all alone 'Til you came, don't you know? Don't you know? Baby, you're the highlight of my lowlife, ayy (Lowlife, lowlife) Take a shitty day and make it alright, yeah, alright Oh, in every circumstance Yeah, you make the difference Baby, you're the highlight of my lowlife, lowlife This bad taste, these headaches Wake up on the floor again, ah, yeah My torn dress, this failed test Soon they will be erased"
I Disagree,"Watashi wa anata ni dōi shimasen Watashi wa anata ni dōi shimasen Watashi wa anata ni dōi shimasen I disagree, everything you believe is a tragedy I disagree with the way you keep preaching insanity I disagree with all of the reasons you're mad at me I disagree, everything in your life is a tragedy Down, let it all burn down Burn it to the ground We'll be safe and sound When it all burns down Let it all burn down Burn it to the ground We'll be safe and sound When it all burns down I disagree with the way you continue to pressure me I disagree with the way you are failing to pleasure me I disagree, everything is going how it's meant to be I disagree with the way you continue to pressure me"
BLOODMONEY,What do you believe when everyone is watching? What do you believe? What do you believe when nobody is watching? What do you believe? Keep telling yourself that you've been playing nice Then go beg for forgiveness from Jesus the Christ Beg for forgiveness from Jesus the Christ Beg for forgiveness from Jesus the Christ Keep telling yourself that you've been playing nice Then go beg for forgiveness from Jesus the Christ Beg for forgiveness from Jesus the Christ Beg for forgiveness from Jesus the Christ I know what it feels like To have my soul sucked out of my body I finally know what it feels like To be dead Your soul can't be saved from the sins you've ignored And the devil is well aware he is adored Never forget the excess of a man Because the grabbing hands always grab what they can
Money,"When I was a little girl I used to think I was wrong for wanting diamonds and pearls I never had anything, no Chanel or Tiffany like all the popular girls They say the best things are free, but I don't get what they mean 'Cause I want everything And money doesn't grow on trees You can't just plant a seed You gotta work it out Gimme some of that cold cash I want to stuff it in my couch Come on, bring me those big stacks I need them bricks to build my house Give me all of that, all of that 'til the ATM runs out If money can't buy happiness, then why is it so fabulous? When I was only fifteen, I packed my bags and I said Goodbye to mom and dad I was afraid and alone, living without a home Got rid of all I had They say the best things are free, but I can't get what I need Without some currency"
Girls in Bikinis,"They say take it off, I say keep it on Bandeau, crop top, boy short, red thong I see you in my dreams, slow-motion movie scenes Homemade, crochet, dreamy with a low waist Cheeky, tankini Girls in bikinis Girls in bikinis on roller skates, in outer space I see girls in bikinis Girls in bikinis in platform heels, in new hot wheels Girls in bikinis Girls in bikinis, ooh-ooh Nylon, spandex, dear Lord, what's next? Polyester, pinstripe, whet my appetite Polka dots, see-through, put me in a good mood A-cup, D-cup, give me love, don't cover up Slow down my Lamborghini for Girls in bikinis Girls in bikinis on roller skates, in outer space I see girls in bikinis Girls in bikinis in platform heels, in new hot wheels Girls in bikinis Girls in bikinis, ooh-ooh"
X,"Ooh Heavy I wanna love everyone Empty every bullet out of every gun Please take me back to where we began Ba-ba-ba Ba-ba-ba Get me, get me bloody, please get me bloody Get me, get me bloody, please get me bloody You can get down on your knees if you're naughty Get me, get me bloody, please get me bloody Poetry, poetry, poetry Ecstasy, ecstasy, ecstasy Poetry, poetry, poetry Ecstasy, ecstasy, ecstasy Maybe we can save the world From every evil boy and dangerous girl Please make me believe in harmony Ba-ba-ba Ba-ba-ba Ba-ba-ba Ba-ba-ba"
Concrete,"Bury me six feet deep, bury me six feet deep Bury me six feet deep, bury me six feet deep Bury me six feet deep, cover me in concrete Turn me into a street Bury me six feet deep, cover me in concrete Turn me into a street Chewy, chewy, yummy, yummy, yummy Sharp and pointy, yummy, yummy, yummy Break me off a piece of that tasty treat Sugar in my teeth, demons in my dreams Watch me while I sleep for eternity Bury me six feet deep, cover me in concrete Turn me into a street Some people like candy Some people like coffee But these lifeless flavors don't satisfy me (Ooh) I tried to eat ice cream (Ooh) I tried to drink tea (La-la-la-la) But I need the taste of young blood in my teeth"
