Title,Lyrics
Mama,"Brrr! A on je bio mlad, ona malo mlađa Pobegli od kuće, bilo im je dosta svađa Hteli svoj svet, da dele baš sve Na njihovu su ljubav gledali svi kao greh Njeni rekli su joj “Idi, ne mora' ni da se vraćaš” Brzo su je zaboravila čak i braća Tako hodali su danima kroz grad Morali su sami da pronađu stan Para nikad dosta, radio je dva posla Plati stan i hranu, danas sve to puno košta Druga godina je prošla, jedva su se snašli Mogli su da idu preko, ali tamo nisu naši Došao je dan, saznali su da je trudna Njima je to san, znači baš prava ljubav Obećô je da će biti tu, uvek da ih čuva Ona je zaplakala kad je prvi put svog sina čula Tad je rekô ""Mama, mama, mama"" Tad je rekô ""Mama, mama, mama"" Tad je rekô ""Mama, mama, mama"" Na-na-naj-naj-na-na ""Mama, mama, mama"""
Adio Amore,"Okreni mi leđa Da ne gledam suze u tim zenicama Da ne gledam usne kako se koče Dok kažeš mi ""Da, dobro sam ja"" Okreni A pogledima svojim više ne znam da vladam Dok iz ruke mi pada Čaša kristala što se lomi, lomi kô mi Adio amore, još volim te jako Iako si davno izgubila sjaj Gledam te kako se rušiš polako A kada to vidim - tad rušim se ja Adio amore, još volim te jako Još uvek si ono dete iz sna Od toga se neću ja rastati nikad Ti nekog drugog odvuci do dna Daj, baci telefon Hajde, suoči se sa mnom, kaži šta osećaš Ma koliko gadno, ma koliko jadno je Razumeću ja i samo ja"
AMGVSQ7AUDI,"Yeah U-na-na-na-na-na-na-na, je-je U-na-na-na-na-na-na, e I na semaforu gledaš u mene Na tebi je kul, seksi outfit Ja vozim AMG crni mercedes Ona vozi novi Q7 Audi I na semaforu gledaš u mene Na tebi je kul, seksi outfit Ja vozim AMG crni mercedes Ona vozi novi Q7 Audi Yeah U-na-na-na-na-na-na-na, je-je U-na-na-na-na-na-na, e Ta crna stakla kriju tajne, ali znam da vidiš sve Dok pokazujem ti, 'ajde, priđi i ne stidi se Jaka mašina, dodaj gas, sa mnom obiđi sve Prašina iza nas, ma, nek vidi ceo svet"
Euforija,"Brrrr! Ona voli moje dredove, voli moje Najke Voli moje hedove, mirišu kô iz bajke Voli sve što kažem, voli kako nosim stvari Voli moje tetovaže, ona voli sve što radim Ona voli moje dredove, voli moje Najke Voli moje hedove, mirišu kô iz bajke Voli sve što kažem, voli kako nosim stvari Voli moje tetovaže, ona voli sve što radim Polako me hvata mala euforija Ona je prava seks laboratorija Ali kad je skinem iz Armani Emporija U krevetu je ispod mene inferiornija Polako me hvata mala euforija Ona je prava seks laboratorija Ali kad je skinem iz Armani Emporija U krevetu je ispod mene inferiornija Ona voli moje dredove, voli moje Najke Voli moje hedove, mirišu kô iz bajke Voli sve što kažem, voli kako nosim stvari Voli moje tetovaže, ona voli sve što radim Ona voli moje dredove, voli moje Najke Voli moje hedove, mirišu kô iz bajke Voli sve što kažem, voli kako nosim stvari Voli moje tetovaže, ona voli sve što radim"
Mantra,"Je, je, je! Je, je! Oko mene gandža, svuda gandža Rizla puna skanka, puna skanka U glavi ti se manta, sve se manta Oko mene gang je, svuda banda Oko mene gandža, svuda gandža Rizla puna skanka, puna skanka U glavi ti se manta, sve se manta Oko mene gang je, svuda banda Para puna banka, puna banka Dupe bomba, u strukovima tanka Anakonda, na kukovima tanga Jungle, jungle, ovo se zove mantra Para puna banka, puna banka Dupe bomba, u strukovima tanka Anakonda, na kukovima tanga Jungle, jungle, ovo se zove mantra Bum bidi bum, bum bidi bum eye Mala vadi kondom, king kong size Malu zovem London, ding dong style Bilo koje doba, mala zvoni mi na stan Pretty girl, na glavi samo kikice, ma nikad minival Nađi je na šanku, ma nikad mini bar Mala voli gandžu, samo fini rad"
