Title,Lyrics
Deeper Than Drill,"Aye (Aye), listen (Listen) Lemme talk bout pain 'Cah ino for a fact, it's gonna strike one match Even tho that I'm a good yute I still get told that I'm fuckin' bad (All the time) And I've really been going through shit But nobody understands July, 2005 is where this little life of mine began (Where it started) And I can't lie, man's been doin' up shit That, man, really shouldn't have done (Done) At the time, I just thought it was fun But I didn't realize all the damage I've done (No way) I'm tryna make Mumzy proud She said ""Always step in your solos"" Don't be the one to go follow that crowd (Crowd) It's a bullet I'd take for bro And I'm sure he'd do the same with no doubt (Pow) You say, you got all I need Oh, babygirl please tell me it's love (Love) 'Cah you know Ronzo don't trust (No way) Ronzo ain't ever felt no love (Uh-ha) I ain't even felt that shit (Felt that shit) I miss you, but fuck that bitch (Fuck that bitch) At the end of the day, I still hope that you're okay But I'm pissed that we didn't work out (Work out) You would've thought that my name was Peter 'Cah the way that I made him Crouch I told bro ""Don't be too eager"" Sayin' all these words like I barely pronounce (Of course) In the studio, I feel the safest Make a little tune then I fucking bounce (Pow) All of my friends done bro like Twix All of my bros so short on that food I told him ""Don't get caught in the mix"" (Caught in the mix) 'Cah you can get sleepin', no Vicks (Vicks) Unless your sweet don't ask for pics (No way) Never snitched on none of my guys They say ""Ronzo be consistent"" Run up the views and blow to time (Ah-ha) I sell the good yute, paid too much But still ask me for dough (No way) I go for ride when I ain't got cro (No) TT dash what is on my phone (Of course) Why the fuck did he take my grand-dad? I swear to God, I don't understand that I just told that I'm doin' you proud Seriously, I can cause some time So that's why you be on that clout Deepful thoughts got me in my emotions But music's how I express it You gotta problem? Man, please don't stress it All of that fake shit, I need to address it (Of course) 'Cah, 'cah I done got bit (Pow) The venom went straight to my brain And all of a sudden, Ronzo can spit (Can spit) You can't tell me what to do (Ah) I saw you ain't ever been throwin' this pin (Throwin' this pin) And this girl keep sayin' that she love me 'Cah I'm not no more, I'm diff' (Of course) Get back with a big whole spliff (Ah-ha) Sit back 'cause the rose ain't it On me, you can relate to this Don't be doin' that stupid shit You know, Ronzo don't ever miss (Don't ever miss)"
Left Back,Watch out for them people that violate you But cover it up as a joke (Ha) My dad me don’t ever be a bully Defend your girl and achieve your goals I took that shot boy hit that post (Baow) But be careful of that rebound I’m doing up music now everyone knows Everyone sees I have me a dream that I gotta achieve I got my bro and my bro got me (Of course) But I still said If you’re bleeding I bleed I ain’t in no race but I took that lead It’s all that clout chasing for me (Ha) I go too hard on the mic they’re like Ronzo Man you really got to breathe Gotta take that breath Thеy hate on the kid cah they know I’m up nеxt (Of course) I had this ting called Katie back come big With the biggest of breast (Big ones) But a man can always forgive But a man can never forget (No way) Life ain’t fair man you gotta accept that (Yes) I’m up in the field (Yes) And I ain’t even playing no left back (No way) Hit me up and I bet I won’t text back Say fuck me and move to a next man (Fuck off) That’s how shit goes (Of course) You put your trust in one bitch And now she ask why I call her a hoe (Fuck off) I’m nice till you test my patience Cah for real man I’m really impatient Don’t hit my phone I’m on DND
Unrighteous,"Ayy, listen Yo I'm so close to the edge Please don't let me fall Ronzo, man, live this life, sit back You know I gotta keep my cool She beautiful, she different For love, I'm a man on a mission She beautiful, she different For love, I'm a man on a mission My heart in past Can't lie, low-key, it need stitching I got parts that a dark No cap, man, they really need fixing I loved you more than I loved myself Fucked up and made that decision I loved you more than I loved myself Fucked up and made that decision But I can’t go back U made me a stronger person No cap man i thank u for that Ur the reason why I don’t trust Ronzo I’m touchy with love They say why do u move so anti Cah the shit that I saw was tough No lie man I've lived so ruff Turnt me to a different person Why do u think that my heart got buss Why do u think that I sit in silence Talk to no one got no one to love Ronzo me I’m the chosen one Gave u a heart but a broken one Need me a caramel golden ting Hold me down down and sucure my son Lord I’m sorry for the shit I done I swear ion mean it Step in the part Uno that I’m leaning Toxic luv why u always tweaking Trust issues Yh my hearts still leaking U lied to my face u don’t know that feeling Pain in my heart Uno I’m still bleeding I’m close to the edge man I hear it creaking"
Christmas Eve Freestyle,"Listen, yo I can't help my emotions See me a caramel lighty Nivea cream, cah the way that I lotion Roll one to the face, I toke it It's bad to say, but it helps me focus What you know bout none stop grinding? Down on your knees and you are up in that coldness Surrounded by cobras Kp got caught with the line, now we're pissed Cah now they call us vultures Ronzo don't talk to tough on a tune I put plans in motion Bend your back Ronzo I poke it Bill up a fat head, you know, that I smoke it All my life been feeling hopeless I put half of my pain in these roaches Grr, baow"
Left Back - Remix,"I'll keep you safe in theese arms of mine Hold onto me please baby baby I'll keep you safe in theese arms of mine Hold onto me please (baby baby) Listen Yo Watch out for them people that violate you But cover it up as a joke My dad told me dont ever be a bully defend your girl and achieve your goals I took that shot boy i hit that post (bla braa) But be careful after that rebound im doing up music and know everyone knows Everyone sees Nowadays man i live too comfy Does she lovе me She dont love mе One thing i do is put no one above me (No way) Ronzo man i get that respect Jump in a bump underneath that wep Two jump-ups i look like a vet Bro got a 9 cal talk about tech How are you lame? boy your freinds are dead (ha) But dont take it personal Bro in a full cart back and then put it up front sat lil ursel Dont be afriad to cut them ties I done did that numerous times Bro let a beat like hogwar, how are these kids tryna cover my ryhmes"
