Title,Lyrics
Bounce,"Ahn She wants a gangster in her bed tonight She ah wants me, me I know And man ah, I full ground me I dey tonight She ah callin' my phone She say ""why me so unruly?"" Tell me the main reason you wan woo me Wunmi Wound a man with her idi Curious girl, she got questions for Siri Wiggle that booty and whine fi me So crazy you drivin' me Girly put it on me nicely She ridin' it Am slidin' in Spread your two legs slightly Or mama spread them so widely Caribbean girl wan die fi me She ah fi die for me yeah-yeah Bounce your body or wе bounce you out Girly go down, north to south Shey you gree? I no fit shout Ayy-ayy-ayy-ayy Bounce your body or wе bounce you out Omo no scream, no too shout Ayy-ayy-ayy, no loud am no loud am"
Asiwaju,"Cook that thing Man getting high till I fade out If the vibe no pure, on my way out Hullabaloo anytime we step out The men dem outside, we no dey house No dey look for us, we no dey house You no dey see the mula we don spray out Thank God say the maga don pay out Ope oh-oh-oh-oh See, I'm ahead of them, asiwaju I'm a fucking baller, Ighalo ni mi No man fit talk shit to me Ni'lu mi, you go collect oh See, omo na me dey lead, asiwaju I'm a fucking baller, Ighalo ni mi No man fit talk shit to me Ni'lu mi, you go collect oh Cheers to my friends and clique When I call, demma all pulling up quick Strapped up with the guns and the swords and things Bring hеll to anybody wey try test me I'm your daddy, I'm your unclе, I'm your popsy I be old man, no go dey call me ""Gen Z"" Bredda see Steady giving them gap, mo ti lo far They can never near me As my lover, lover , just go My oyinbo wife, don show Omo, my polo white, my face show Sweet boy for life, they don't know Your serious babe dey worry my phone E don dey sup for back, you don't know Everyday we dey run am on code You suppose to know how the thing go"
Girlfriend,Can’t seem to take my eyes off you Especially your python move The way you hold that thing Me wan hold that thing Baby let me take a look Oh Lord Me want all girls in da whole world I know what I’m doing is so wrong But since no man can focus We definitely don’t give a fuck She said she know me get a girlfriend And so what What if I What if I What if I do? She said she know me get a woman on me bed What if I What if I What if I do? Listen to me quick So me girlfriend say she wants me back home by 2 What will I do? So me tell her say my car broke down at mile 2 Girl I won’t be home so soon Oh Lord Mе want all the girls in da whole world I know what I’m doing is so wrong But since no man can focus Wе definitely don’t give a fuck
Dior,"Badman looking good in Dior Badman drip to the core Sport car's parked on the right spot Badman sleek and you know Badman looking good in Dior Badman drip to the core Sport car’s parked on the right spot Badman sleek and you— Me got a girl on the bed right now She say she no wan' leave She tell me ""Ruger me I want to spend the rest of mi life with you"" Me say, ""No shit"" ooh Lord Fly to Maldives for a day Then we fly back quick Then we take a quick jet flight straight to Paris You fuckin' with the creme de la creme Say she never seen a guy like me, eh she confess Say nobody hit it right like me, eh, she confess Bend down get on your knees girl never digress, ooh-ooh She really want to flex with me She wanna break bread with me"
Snapchat,Oh yeah yeah Oh my love Oh oouuu ouuu Oh my love Oh my love Yeah yeah yeah Ah ah ah Girly you know me wan tap that Olayemi shoripe o gara oh? Easy text me pon Snapchat Sexy snaps me heart beating like rapchat hmmm hmmm 'Cause inna my quality bed Quality rest is rest assured for you Me ready shoot my shots in you Huh huh huh Put it on your private story Lemme see you in your full glory Anything I want she’ll show me She dey finish work she dey go in No man can ever clone me I’m the realest she knows mе Fulfill all that you told me Omo finish work baby go in
