Title,Lyrics
Smokey Things,"Beats by Yamaica Productions , baby Everyone's killers Everybody owns two MAC's, everybody owns two spinners (Boom, boom, boom, boom) Everyone goes upsuh, but I don't see no winners (Liars) Manna spent P's on shoes Me, I spent P's on dingers Everyone's killers Everybody owns two MAC's, everybody owns two spinners (Rrah) Everyone goes upsuh, but I don't see no winners (Facts) Manna spent P's on shoes Me, I spent P's on dingers (Hadouken) Ayy, 2Bunny Trident on me (On me), but I still roll with a skeng, though Man woosh one shot through the window (Woosh) Still roll with a slice like Kimbo (Wah?) Traphouse jump like Fingall Had a drill in the ride, no cinco Reepz on the back with a MAC, that's pain (Brrt) Skore doing time in the cage Caught ST in Mill with a cane (Hah) Had the paigons running on mains Jump one fence Ay, where did he go? Man disappeared like David Blaine Why's man talking 'bout crashin' corn? (Liars) Playing games in the field, and you know that you can't respawn Shotgun joints in the ride (Huh?) I'mma drill then come in all sawn (Huh?) Paigons talk all smokey, and I ain't ever seen no corn (Rrah) Come to your ends on smoke, with the big bike coming on volts Slide with three in the jigser, I'll still crash corn at your sister So much work that my hand got blistered (Huh?) When I take them shots, I don't mean no picture"
Really Do Road,Scrammerz get banged and crashed Mandem really do road Badderz get beat and dashed The mandem really do hoes Man I got p's of the road Now I'm tryna get p's from shows Rolling round with my bros My niggas got gloves and poles 22 Man I've been out with the gang Man I don't know about you They don't wanna let man in But you know my gang comes through Like lock off the music dead Man I push one in the head Like man move dodgy Ain't no savage Robbie Man go chat get Rocky Try go high get wally I trap trap in the trap house With that half square Bobby I trap trap with the 4 pound Talk get trollied
Pain Is Temporary,"We ride, we roll, we [?] Let it rock, let it roll ) Slow it down, it's steady close Yo, is that NooNoo? ) When we ride, your boy's fly, we don't miss shots (Whoosh) I'm like Pogba with this hand ting, I lick shots You know there's thirty in this clip, I'll take your wristwatch (Brrt) Niggas pussy, man, they crumble, they get picked off You ain't biased, stop the talkin', man, there's levels And I'm a brudda, but I grew up with them devils You know my vibe, I step right, my ting sturdy My heart cried, man, they gave my nigga thirty (Free him) I'm a menace to society, I love my hood I get my bally and my gloves, come we see what's good I'm a menace to society, still suffer with anxiety Uh, but they feel my ting I'll smoke you in the main street, I'll backroad you I got my 'hood on my back, yeah, they count on me I can never let them down, it's why I go so hard Pain is temporary and life is scars You ever ran from a shootin' and then sirens ringin'? Laughin' with your darg like, ""I hope we did him"" See the venom in my face when I barked it off Take the mash to the spot and park it off I dropped a shell on my nan's floor and masked it off I changed my clothes, called a cab and I scarped off There's blue lights in the rear, is it me or not? (Me or not?) My heart's beatin' fast, am I paro' or not?"
When It Rains It Pours,"When it rains, it pours, guns and swords Life on the line, I'll die for mine Life of crime from time to time Sittin', watchin' time go by I'm from the trenches, I don't know no better Shank in my pocket, blood on my sweater Mainly for the dough, there's one in each cheddar Prayin' that these days get better Time is money, money is time Life means life when you're rollin' with .9's Keep your mouth closеd when you're doin' 'em crimеs It's blood in, blood out when you're rollin' with mine (Rollin' with mine) Reece, can you hear me? Give me a sign My heart's on empty, I'm tryna survive You're always in my thoughts, your name's alive You're always in my thoughts, I had to say that twice (Say that twice) I rose from the fire like a phoenix bird I've been through the trauma, pain and worse Have you seen your boy die and had to follow his hearse? (Follow his hearse) Some say, ""It's life"", but I say, ""It's a curse"" Life goes on, you gotta follow the map (Follow the map) Don't trust no one, cover your back (Cover your back) Friends turn to foes, foes turn snaky Practice what you preach, I've been doin' it lately My daughter turned twelve, my son turned eight I need a better life than this council estate Nah, I'm not a role model, but I've seen nan been through shit that had me stuck in my own bubble Pain is real and don't forget that Violations, prepare for the get back Wins and losses, prepare for a setback Tell you that I loved you, just know that I meant that Life gets hard, you know, I grew like this I got PTSD, man, I've been through shit Sleepless nights got me crossin' and turnin' He used to be my darg, if I see him, I'll burn him Snakes need to die, closin' the curtain Wrongin' and you know it, that shit's for certain Heavy on my heart, but I'll carry the burden I'm real when I rap, I'm real in person My name holds weight, in the streets, I'm certi' I thought I'll be dead by the time that I'm thirty Hear my soul cry when I sit on a beat And all you know is pain when you grow in the streets Skeamer spits pain, bro, that's all I know I hope I stay to see my children grow Skeamer spits pain, bro, that's all I know I hope I stay to see my children grow (To see my children grow)"
