Title,Lyrics
Smoke The Pain Away,"SMOKE THE PAIN AWAY PUBLISHED BY: Middle Finger Recordz (2018) PRODUCED BY: Native-Instruments ADDITIONAL PRODUCTION BY: Sylent @ The Padded Room, Norwalk, CA WRITTEN & RECORDED BY: Sylent @ The Padded Room, Norwalk, CA MIXED BY: Steve Vicious @ San Diego, CA This song is from the album ""Insomnia"" Lyrics: Smokin’ and smokin’ the pain away / Pain away / Pain away! When life iz getting tough / I smoke the pain away I take a puff until I’m numb and smoke the pain away When life iz getting hard and I can’t face the day I take a toke until I float and smoke the pain away! When I’m feelin’ like slittin’ my wristz / I’m sparkin’ a spliff and I’ll get lit up The stress iz testin’ / Best believe, I ain’t the homie to give up I’m keepin’ it pushin’ one day at a time I’m hurtin’ inside and I’m losin’ my mind My heart iz frozen / My shoulderz are holding the weight of the world that I carry The wrongz that I done and the burdenz I buried I’m starin’ at Death and I’m ignorin’ my life I think of my cousin / I look to the sky and try my hardest not to cry In my heart / I keep his memoriez so deep / I’m grippin’ em tight Won’t ever let go / I’m taking a toke / I’m smoking alone in the darkness I reminisce and miss him / Feelin’ like I fell in a dark pit Writerz block / Continue to sink / I can’t even focus / I can’t even think I can’t even breath  and I can’t even sleep Don’t even know what day of the week it iz I’m weakening / Ain’t feeling strong / What the fuck iz going on??? I ain’t right up in the head / I’m losing my sanity and I’m losing control Insomnia iz taking itz toll I’m rolling a jay and I’m medicated as I pray / I’m isolated Talking to ghostz and spiritz in the dark as I smoke the fucken pain away!!"
Insomnia,You motherfuckerz been sleeping on me for too long [Too damn long]. Itz time to wake that azz up [Thatz right]. Middlez up! Have you ever said ‘Fuck the world' and really meant it??? [Yeah] Middle Fingerz up / I’m heated up / My steam iz venting [Damn] Lil rapperz try to copy shit I said online or in a verse But deep inside these biterz really know / 'Sylent Said It' first Califarap iz dead inside a hearse but I don’t miss it though [Nah] They won't promote me anywayz unless I send ‘em free demoz [What the fuck???] The game iz getting comfortable / Content with all this lame shit [Lamez] Sleeping on the only rapper who'll ever say shit And keep it real against the pillz that keep you heavily sedated [Sleeping] The truest never make it till they're ready to be hated [Yeah] Hibernated for a minute / You ain't getting rid of me [Nah] I'll only say it once so I hope you fuckz are listening [Listen up] You bitchez ain't sick / Your stylez barely nausea [Yeah] Wake the fuck up and never sleep again / Insomnia! [Ooh] I guarantee you motherfuckerz never sleep again / Insomnia!!! Thatz right. I'm back. It seemz Chicano Rap has amnesia. Itz time to remind these motherfuckerz... Who Sylent iz!!!
(Money Got Me) Trippin’,"INTRO (Sylent): Damn, homie... Things are tough all over... But we gotta let 'em know... We may be broke but we ain't broken HOOK (Walker): Money got me trippin', 40 oz sippin' Sell these couple grams, get food up in my kitchen Broke life, see the struggle in my eyes 'Cause money got me trippin', money got me trippin' VERSE 1 (Walker): Money's got me trippin' and I'm slippin' like I'm drinkin' Take my pain away. I'm drownin' in this 40 that I'm sippin' Introduced to these drugs and my mind was always lifted Starting puttin' grams in bags trying to make a living I said 'Fuck college', now I started struggling Low pay. I can see my whole life crumbling This rap shit, I thought it'd take me to another level Caged up in the studio, rippin' up these instrumentals Brought up in the ghetto with no food up in my 'fridge Gotta pay my bills and my cash goes quick It goes faster than these bullets how we empty out this clip It goes faster than a booty that be shaking on this dick Life is a struggle. Without money, you ain't nothing Put the ski mask down, rob the store and start dumpin' For the love of money, my head's going crazy, crazy, crazy"
Amnesia,"AMNESIA PUBLISHED BY: Middle Finger Recordz (2019) PRODUCED BY: Native-Instruments in collaboration w/Divided Souls ADDITIONAL PRODUCTION BY: Sylent @ The Padded Room, Norwalk, CA WRITTEN & RECORDED BY: Sylent @ The Padded Room, Norwalk, CA MIXED & MASTERED BY: Steve Vicious @ San Diego, CA Lyrics: Itz just one of them nightz. Gotta keep both eyez open. No rest for the wicked. It seemz Chicano Rap must've been in a coma from all that bubblegum shit they been dropping. Woke up with amnesia. Forgot itz purpose. Lost itz way. Forgot itz passion. So letz remind you motherfuckerz. Check it Wake the fuck up out that coma, homie / Chicano Rap iz done [Done] You fuckerz killed it / Forgot the purpose and now itz gone The showz over / So fast forward / Hold your applause [Nah] Cash flow iz dried up like cougarz during their menopause [Ooh] You don’t remember the cause / Don't remember the passion [Nah] Watered down / Flooded the game to bring a little cash in [Sell outz] Got into fashion / Selling cheap swapmeet shirtz Can't remember the last time you sell out bitchez even spit a verse You follow trendz / Trying to keep up with the New School I graduated / You haterz wait for the game to use you [Toolz] I pulled through / While you forgot where you’re going [Where you going???] These motherfuckerz got amnesia acting like they don't know me! Chicano Rap was in a coma / Woke up with amnesia They only know you when they need ya They up and leave ya in the dark once the lightz go out But I don't need that fickle love / Fuck your life / I'm out Chicano Rap was in a coma / Woke up with amnesia They only love ya when they need ya They up and leave ya in the dark once the lightz go out But I don't need that fickle love / Fuck your life / I'm out!"
My Dying Day,"MY DYING DAY PUBLISHED BY: Middle Finger Recordz (2017-2019) PRODUCED BY: Native-Instruments in collaboration w/Young Snipe ADDITIONAL PRODUCTION BY: Sylent @ The Padded Room, Norwalk, CA WRITTEN & RECORDED BY: Sylent @ The Padded Room, Norwalk, CA MIXED & MASTERED BY: Steve Vicious @ San Diego, CA Lyrics: Yeah. Thatz right. Itz time to throw up them dubz. ‘Bout to show you motherfuckerz how we do it on our side. Check it The westcoast don’t give a fuck [Nah] Thatz why you can’t throw dubz without the middlez up [Let ‘em know] The westcoast don’t give a fuck Thatz why you can’t throw dubz without the middlez up [Ooh]!!! This is how we do it in L.A. [In La.] You better show respect ‘cause we don’t play [We don’t play] Getting killed for shit you  knew you shouldn’t say [Shouldn’t say] Representing S.E.L.A. till my dying day [Dying day] This is how we do it in L.A. [In L.A.] You better show respect ‘cause we don’t play [We don’t play] Getting killed for shit you knew you shouldn’t say [Shouldn’t say] In L.A. [In L.A.] / In L.A.! I heard the bell ring / I was late to the New School [Fuck it] Ditched the first dayz / I’ma do what I do [Ooh] Timez gonna pass [Yeah] / But it will never change me [Nah] Old dogg / New trickz / Biting with the same old rabiez I’m the realeast rapper that never made it [Yeah] Success slipped out of my reach / I didn’t take it [Nah] They hate that I ignore the hate / I’m strolling through life [Strolling]I go wherever the wind blowz like a roll of the dice [Rolling] You got a ho for a wife / Truth iz, your hynaz a dyke [A dyke] ‘Cause she gotta fuck a pussy like you every night I don’t even gotta buy toilet paper again [Nah] ‘Cause I wipe my azz with all this hate mail they send [Ooh] Beginning of the end / Chicano Rapz on life support [Yeah] While they’re milking what they can like bitch wivez in court [Bitch] Your motherfucken glory dayz are all up in the past tense [Done] They pulled the plug / Now I’m Chicano Rapz last breath!!"
