Title,Lyrics
Rule 1,"I got to grind Grind Oooooooh (no time to sleep) yeaaahhh One, never diss your mum Two, work hard make it through Three, trust no one but me Four, be ready for war Five, I won't lose my mind Six, in the morning, rise and fucking shine, no time to sleep I got to grind I gotta grind, I’m in the dark, I gotta shine, no time to sleep, I gotta grind, ring ring, that's my line I got white and B for the right price Come and see we living life, free da' guys, doing life I was so young on my first ride, I fell in love with the violent times Never had a love on valentine, I was selling grub on valentine, four man up in a new black ride, four man strapped with a new 45 Send gunshots If we see them guys Ai Ai Ai If I see them guys, someones gunna die, If I see them guys It is not a lie If I see them guys, someones gunna die Ai Ai"
Wicked and Wass,Spartans cuz I'm the realest cuz Man had man move out the ends and shit I will never be like man case closed You get me? Man talk wicked and wass Dere man raise your bally prove you're bad Free my broski MizOrMac Top 5 on the trident map Them gang that flex in vids and that I dont feel that gas Tell your friends take off them ballies And show me a face to attack I was like 15 old When i asked big bro for a strap I was like 16 old Had the whole of brixton ropes with a shank Bait face i don't need no bally Everyone still knows who i am
Rockaway,"You just lost someone, you lost it all Rockaway, Rockaway, Rockaway Rockaway, Rockaway, Listen Rockaway, Rockaway, Rockaway If you feel like you ain't got no one, If you're feeling lost Rockaway, Rockaway, Rockaway (away, away) If you feel like you just lost someone, You lost it all Rockaway, Rockaway, Rockaway (away, away) I got out all day (all day) I ain't got time for games Never you'll see me change, forever I'll be the same I'll be first place, can't be no disgrace I lose it, I misbehave (get mad) I lose it all, pass me the forty-four, I shoot it if its war (if it's beef) Baby we drill for real (real), why you think I'm in prison for I should of told you before,  didn't wanna break your golden heart It's all my fault, I don't ever wanna lose you ever (never never), and it's just like, i feel like im a me- baby come closer, I feel like im a mess If you feel like you ain't got no one, If you're feeling lost Rockaway, Rockaway, Rockaway (away, away) If you feel like you just lost someone, You lost it all Rockaway, Rockaway, Rockaway (away, away)"
Real Diamonds,"Trapping hard I do me You got shit grub you get robbed Get round there with the team Man splash man down he can't breath Get him right Fuck up man it's on sight Ching, ching man down get him right I keep finding myself here again I'm in the trap here again Service that's 10 out of 10 Service that's 10 out of 10 Phone ringing again and again I'm in the trap here again I'm giving orders again Met a new plug again I keep finding myself here again I'm in the trap here again Service that's 10 out of 10 Service that's 10 out of 10 Phone ringing again and again I'm in the trap here again I'm giving orders again Met a new plug again"
This Is Trap,"We get money Daily It's a fuckery We get money that's daily I love the cash Daily I love the cash Money that's daily I love the cash I dab when I see that work I love the cash Money that's daily This is trap, this is trap (trap) I can put you on the map (on the map) Told the bitch to get [?] Lines bang I got cats (I got cats) Whip, chop, serve it up and get cash (serve it, serve it) Flip flops when I bop, I'm with MizOrMac (MizOrMac) This is trap, this is trap (trap) I can put you on the map (map) Told the bitch to get [?] Lines bang I got cats (serve it) Whip, chop, serve it up and get cash (get cash) Flip flops when I bop, I'm with MizOrMac (Mac)"
