Title,Lyrics
中国姑娘 (Chinese Girl),如果问我什么类型是我理想 我告诉你我喜欢中国姑娘 什么原因我猜是这片土壤 也有可能是我住在她们主场 有个广东妹不太会普通话 妈妈住在新加坡爸爸在加拿大 认识个成都的妹子超级能吃辣 性格有点主动约我去她家耍 认识个学音乐的妹子来自西安 Party上的港妹爱吃西餐 有个云南妹子有抽烟的习惯 来自五湖四海把我包厢挤满 快看看那个那个打王者的合肥妹 说嚼槟榔和长沙姑娘超般配 00后的福建女孩十八岁 我害怕东北老妹因为整晚喝不醉 中国东方美 黑色的马尾 鲜红色的嘴 Yeah X4 保持东方美 不管你是谁 别墨守成规 Yeah X4 给我个中国的姑娘 想要个中国的姑娘 喜欢上中国的姑娘 有那么一点倔强有一点疯狂 给我个中国的姑娘 想要个中国的姑娘 喜欢上中国的姑娘 有那么一点倔强有一点嚣张
穿过你的身体 (Crossed Your Body),"你怎能光着你的身体 在我面前晃来晃去 想跟你遨游在银河系 就像一台喷射机 Baby, I wanna hold your body 从沙发一直做到房里 我能感觉到你的呼吸 你说你爱上我的腹肌 我打开音响放了首轻松的蓝调 压在你身上习惯性亲吻你额头 你闭上双眼有那么一点点害羞 就像只猫咪舌头在我身体漫游 Oh baby 我只想让你自己脱 对白露骨贴着耳朵 双手停不下的抚摸 Oh baby 我清楚该要怎么做 我能够给到你很多 但不需要太多承诺 让我穿过你的身体 用力把你抱在怀里 摸清楚你的底细 就跟我融为一体"
大一岁 (A Year Older),我比去年又大一岁 让你看到我在成长 比去年又大一岁 所以更加散发光芒 比去年又大一岁 你却还混成这模样 比去年又大一岁 身价不止翻一倍 Nobody do it like me 比昨天更加努力 麻烦事太过烦心 但死不掉事情就总会过去 妈妈她从小总教导 一个人力量太渺小 我想她根本没料到 我做的这么酷她为我骄傲 又大一岁 我不会再错过每个机会 我家人总告诉我 这世界太危险 我想我很需要一把AK 做好准备 做好准备 就跟着我的团队共同面对 我闻到了空气里散发着 越来越靠近了 那是成功的滋味 你可以没有钱 那你就得有尊严 也可以没尊严 那你至少得有钱 没钱又没尊严 那你就得小心点 你留不住时间 一晃又是一个年 我比去年又大一岁 让你看到我在成长 比去年又大一岁 所以更加散发光芒 比去年又大一岁 你却还混成这模样 比去年又大一岁 身价不止翻一倍
几乎成名 (Almost Famous),你问我是否快乐 我回答你说maybe 这一路太多过客 有谁会留下陪你 如果再让我回去 我还是做我自己 别教我如何去做 是谁订下这规矩 我去参加了个节目红遍大街小巷 在家乡的孩子他们拿我当榜样 身边都带着助理 闲杂人等别靠近 这感觉so amazing 我甚至还没适应 妈妈你别担心 不用再爬楼梯 我一直很努力 I say yeah She wanna rock with me 桌上摆满香槟 从首尔到东京 曾经我找不到家 睡在沙发 也没有人在乎 把你当作依靠 买张机票 来陪我去演出 想写首新歌 不允许自己 才华被埋没 本来就一无所有 我怎么会怕 重头再来过 你看你笑过也哭过也疲惫过 被爱过被恨过 倍受折磨 如果重新来一遍 都快要忘记那张脸 想成为自己就是你别太执着 你在得到也失去 别太失落 我知道会有这一天 还有谁陪在你身边
020,我穿上牛仔裤再套上一件T 醒的超晚时间就像洛杉矶 我哥们打我电话问我哪里去 约他见个面 他住在我隔壁 先选顶帽子来跟我的手表配色 再坐上我哥们上个月才刚买的车 我打开音响让他听未发布的歌 我保持新鲜你就像没气的可乐 We runnin' 11点的广州塔 你可能见过在路上改装的宝马 我打开微信就有女孩来问我在哪 我没有备注忘记是Coco还是Lina 我在兴盛路 她在对我放电 有两个认出我 想跟我拍照片 她一直靠近我 把我当成靠垫 都在找插头 找不到的抱怨 Shawty wanna fuck with me We runnin' to the GZC 很多黑人的三元里 我住在广州像住在洛杉矶 Bad girl wanna fuck with me We runnin' to the GZC 年轻且优秀在这里 我住在广州像住在迈阿密
Super Tizzy,"让我每一首歌住进你的心里 戴上耳机就会有我陪你 戴上耳机无论去到哪里 Baby call me Super Tizzy, Super Tizzy 让我每一首歌住进你的心里 戴上耳机就会有我陪你 戴上耳机无论去到哪里 Baby call me Super Tizzy, Super Tizzy 当你听着我的歌我陪你逛书店 别着急我会陪你等到他出现 为你唱首情歌那感觉就像初恋 你刚听完intro那只是个铺垫 你跟着拍子点点头 感觉像牵着我的手 忍不住张开了口 连身体都要一起扭 你别再害怕回家的路太黑 我知道你最近的生活过得太累 从听我第一首你注定成为我的人 揉揉眼刷牙洗脸让我陪伴你出门 我想要写一首告诉你现在在哪 我为你埋下的种子它已经开花 你有品位的把我留在你的播放列表 陪你度过这段时间 你要早点睡觉 带上耳机 我住进你的耳朵里面 期待下一首歌我给你种新的体验"
Wanna Be With You,"当你为了他去改变为他收起脾气 想要谈论感情发现最后没人理你 你问你自己何苦接受这样一次洗礼 但过了一段时间之后再也没有提起 Okay 你嘴硬说自己也没爱过 那干嘛恨他不断骂他是烂货 在路上遇到你干嘛非要掉头走 跟朋友抱怨谁还没有爱过狗 你跑去酒吧因为害怕一个人在家里 也约过几个男生但你不再相信爱情 你说他的出现就是生命中最大的败笔 也感谢他教会让你从未如此清醒 Baby 是否记得 I'm the one who wanna be with you Be with you 但你拿走所有 拿走所有最美好的痛 Bitch, you crazy Oh, I can't handle this 从此之后你身上一直带着刺 问你干嘛分手你回答不合适 发消息给他朋友打听他的事 回忆没有伤注定就算被搁置 有时候情绪来了突然根本没有预兆 他说想他就去找他你说没有必要 都说过去了就过去了也不用计较 一直到更好的人只是你还没有遇到 你说你累了不会再心动 不想让自己情绪再失控 你看你那里哭的像小孩 怎么会好了伤疤忘了痛"
想把你留在这里 (Leave You Here),我想把你留在这里 X4 如果真的会有一条直的路 如果可以一直带着少年时的酷 如果英雄真的不问出处 真心不怕辜负 誓言不怕美人迟了暮 如果时间追你可以真的跑得掉 如果失去不会让你脸上少了笑 如果没有得到尊重不会让你开口吵着要 如果丢了自己还能找得到 如果有些妥协变成枷锁 如果必须要跟新的世界搭伙 如果不怕那些骄傲有天被人放在角落 如果相信沙漠里能开出花朵 如果你付出的所有都会被人记住 如果现实淡了回忆没人听你细诉 可惜时间带走一切变得天翻地覆 想要把你留在这里 给你庇护 想要把你留在这里 X3 那些散落的花 还有回不去的家 想要把你留在这里 X3 把你留在身边不管走了多远
Going Go,"每当我感觉身体快被抽空 到凌晨四五点才收工 抱怨24个小时不够用 我的心事有多少人懂 我走不完的是那些套路 有多少爱我的人 没时间去照顾 如果你在我面前 我一把抱住 当我离开请你为我超度 我活得越来越不自己 说话都小心翼翼 有好几次快倒下 把我扶起的是你 当我老去我会翻起那些照片 如果伤害过你那我向你道歉 我知道在我面前还会出现更多挑战 想变得更强让你后悔当初把我小看 他在喊Tizzy T Tizzy T 提醒我要撑下去 周围太吵我笑一笑 拍拍灰尘再继续跑 要往前走 你不用跟谁斗 Just going go, going go, going go 要往前走 you ready for the show Just going go, going go, going go 要往前走 你不用跟谁斗 Just going go, going go, going go 要往前走 you ready for the show Just going go, going go, going go"
无可替代 (Can’t Be Replaced),没有人能代替我 就算跟我差不多 终究跟我不一样 没有人能代替我 没有人能代替我 X4 没有人能代替你 就算有多了不起 终究跟你不一样 没有人能代替你 没有人能代替你 X4 我就是我 是必然的结果 我感觉像是原子弹 你是不一样的烟火 你就是你 是必然的道理 他每天出去打篮球 你每天在家打游戏 她也是她 她不是你妈妈 没有人可以取代她 就算有一样的头发 在我的家 这不是你的家 我今天心情不太好 你别跟我说太多话 他代替你的位置成功当选总经理 也代替你陪你女朋友去逛迪士尼 再耍个手段直接间接抢走你生意 但你是个倒霉鬼这角色无人能代替 没有人能代替我 就算跟我差不多 终究跟我不一样 没有人能代替我 没有人能代替我 X4 没有人能代替你 就算有多了不起 终究跟你不一样 没有人能代替你 没有人能代替你 X4
