Title,Lyrics
Homerton B,"CTP It's Unknown T, Homerton B I've got gyallie on me Opp block, bally on me Panic and dash Dem boy run and retreat It's Unknown T, Homerton B Gyallie on me Bally on me Panic and dash Samurais in batches Whack, whack, pull up, skrrt, reverse Bang, the ting goes back in the jacket Hope the clip or the spin' make him backflip When it comes to the trap All my niggas work off the magic Got that 10 out of 10 and it's banging Apart from the tragics, listen I was on the backroad picking my cats Nike tracksuit, and a ' fuck off' hat Girls-girls move then come back Her tits went out when she saw my stack Pull up, pull up where it is or jaft Wanna go home? Tell that bitch call cab How could you make that your darling one? When that Barbie's lookin' like Bratz, and How could you make that your hubby? Empty tummy, that nigga eat brass (Hmm) Went on a meal den dashed Listen, look Baby, bend ya' back and then dig it Dig it, bend ya' back and then dig it Back and then dig it, gyal want more dickin' Back in one minute, bag up that spinach"
AVEN9ERS,"R14 I love Chris Rich Bare residue in the air when it boots Who's getting a twos ’cah the smoke too blemish (Grrr, bow) When my Niners get 'round they dread it Load that fryer, step 'round and shell it (Woi yoi) Bro might load that gauge then sneeze at your brain (Trust me) It’s a new pandemic Jailhouse ting I was doin' up Snap Marty and mash Voda' for the credit (Deh deh) Put my foot in this whip (Mmhmm) Level up when I slap this stick (Bow, bow) Times two if I hit that prick (Ay) Back road, move mad and move skits (I do) You see, Bankai wan' kill and chill (Bankai) Bigger the par, that's thrill and skill (Mmhmm) Insidious how the yute got poked (Grrr, bow) Talk on my name, are you poppin' pills? Bang for the team, would you bang the machine? (Bow) Stay with a plan for the beef See me on a casual, least a nank in my jeans (Bow, bow, bow) For the bad talk, might dampen a tee (Ching) Leave a weed factory clean I could pay but of course I'm happy it's free (Mmhmm) Really move aggy on weed We just take ours and get trappy with green"
Goodums,"Mm-hm Merci, Miink, oh Listen Step out, don't pree up 'cause thats my goodums (Uh) I gripped on two, so I cheated I think I shouldn't, but know I should've The C.I.D. can't chat to me, I'm so fluent, I dodged that bullet Shit, this gyal wanted me, I would've I would've put it all in a bruk like ""boduff, wouduff"" Backshot like ""douduff"" Anytime when a paigons ran in Them man back whine, so their gyaldem manage My last bitch weren't bangin', she does bare chattin' Why she always jamming? B, I got my young ting bag from early She was trapped in a jury package Star sign Scorpio, shawty sassy And of course she damaged Bells run shows down in O2 Arena Hop out the car let me send man Arriba, Arriba Ten toes step with the new .22, she my new ballerina Black whip, let's tint out the car Now you can't see me, your times up, John Cena See me in the nina, Mamacita Shawty, she my side chick, Shenseea"
Mad About Bars,"Kenny Allstar G8 Opps can't fuck with da thug We made the Tridents come More time it's a Niner ting I been that silent one Opps can't fuck with da thug We made the Tridents come More time it's a Niner ting I been that silent one More time I've been complacent But when bro got dropped Fuck all the guap I stepped out with no hesitation Man lurk from the public station Slow down 'cause there ain't no mistaking And I've been tryna rake this cake in You can never hold it down like man, 'cah my life's been aching Police on my nuts it's fucked Earnt that luck, cases bruck Opps can't fuck with da thug We made the Tridents come And dis one look like an undie Nuh, we dont supply that drug In fact, do I look like a mug? Word, man, rock on my stainless tucked We don't do this monkey bar ting Fence and get chinged Bag that work with the latex on, the rack will come in Again and again, the racks will come in OT blingin', the phone keeps ringing Circle your block, pop doors get chinging Fuck dem opps, for the boy dem singing That prick had a vicious dipping How many nights had to bake in the Bando to get that guap? I flew OT tryna lick that stain, so we hit that spot Bag dat up, and serve 'dem dots Opps can't mock 'bout guap Man push work a lot My old school gyal love the way man rock Man flex on a bae like, ""What?"" And true say man crept to the top Hustle for days, I learnt both ways Plug for the shape and the crops It look like I come out the gym and I shot (Whoof) Look like I come out the gym and I shot Listen There's too much chat on the street, I've been itching to write man off Bro got juice on my favourite shirt, so I burnt that top Work that chef like it's Novikov I've been on bail for the longest, more time Boydem gob Man just sit in the dock, get released and I don't look bov' The cops like; ""How did he do that job?"""
WW2,"R14 AV X10 --- opps see me and my boo Let's fry up the beef cah they chat too loose Man beat off the wap no proof The beef goes on, now it's World War II Re-up then feed the recruits Bill up and add blem in my off-white boots A yute got touched down, who's on the news? (Whoosh) Top Gear in a drop-top, opps see me and my boo Listen No BXB when I mush Hard Rock, I put blades in brown Let's liven the beef, paigons can't circle around He lacked, no faces found We two dumpy young Gs on the works up opps then twerk up the town Rebrowse, no Vaseline ting, man dig or we rub man out We hide from pigs cah we burst up clowns It might back ping but I don't have doubts They try look lit but they don't have clout Fill that PR with a different bounce Bought that gliz with a Turkish round .32 or spin, let me lurk this 'round I heard this chick want a Birkin now Gyal love chat shit, come and twerk it down (Down, down)"
Fresh Home,"HARGO production Mmmhmm Listen, look Can't believe that I'm locked with the lifers I was on seg, not basic, segregated from all of my Niners I've never been jail but they caught man prior You talk drill in a track, you're a liar I suggest that you go retire (Jokemen) Been a sec since I been on the curb Can't fling me a bird, I'm a rider (Hmm-mmm) Prison governors try give me category A Wait, but why? Cah my face too bait I'm eatin' noodles from a plastic plate Yet I'm still tryna G-check yutes from the 8 On soc', man step with a self made blade Tucked under my- chat shit or get shaved News reporters try slander my name Shame, I still buss open my case I thank God so I sing with grace Lord blessed me so I stepped out the gates Induction, man patterned the place Smarty and Zanco on the wing first day (Mmmhmm) You talk shit on the roads, you're a blagger I'm locked up with my bro's had to man up Look, me and you got passa But you got cheffed so it don't even matter"
