Title,Lyrics
Locked N’ Ready,"2, 4 gram i papes'a du vet det blir lift off Fine frøken hitter linen, hun vil på en trip nå Vi legger lista høyt min gjeng står bak de hits'a Turer neste sted ser at en shawty ble litt trist a Sammen knakk vi koden Største buksene på jorden Swagged out med min clique, vi holder tronen Bitch boys de er ugæst Ikke kom hit med den tonen Vi har big boy læg Mens din konto er langt fra moden (Langt fra moden) Så bli med meg opp, vi har en glow Locked and ready let's go Locked and ready let's go (go, go) Bro jeg er fjern, jeg er for pansra Føler meg skjært, jeg er en boss as Jeg stepper inn fast de blir choke'a Føler min style, det har jeg nok av Jeg stepper inn fast Hun følte meg hun var mad Pengene renner inn, koppen er full Ha'kke tid til din clique det er tull For jeg gjør big moves Rocker fine belter, fine shoes Trenger ingen andre enn my homies Og vi chillern lighter opp en big fume"
WTM,"I love this beat P-P-Plug Hei hei hei hei Ligger bakfull på en sofa Jeg tenker what's the move Skal vi ut eller bror? Skal vi blåse en bag så stor? Jeg gir faen i hva de tenker Jeg gir faen i hva de tror ha Ay, ja what's the move? Ay ay ay ay ay Det går alt for fast Du er søt å sånn, men jeg ha'kke tid til det der Tenker et glass til, vann til vin, jeg er blessed Frøken tenker jeg er fancy Stu'en lukter fuckings nas D-d-dobler potten opp, hele min gjeng vi gjør det med class Ruller opp på Pokemon kort, røyker på sjelden gass Trasker rundt, flaske fullt med Hennessy i en bag"
Lapper/Mynt,"Arc'teryx jakke, er litt for stor Walker ned stilen med matchende sko Hopper i en beamer, går zoom Dum stil men jeg er ikke dum Walker McQueen, Alexander McQueen Stacker opp gryn, jeg har ikke no' mynt Moe3 ] Lapper på meg, ingen mynt ) Bitch jeg er stylish, ah Ruller en j, er ekstra tynn ) Se meg traske med style bitch God damn jeg mekker no' gryn ) Ja da jeg er sorry chan Du kan jo swagge no' bean for det ) Nei herregud jeg har ikke no' mynt å ha Det er Ys1 og Moe3 P-p-plug royalty Cooker opp en til Selvfølgelig ruller opp en ny Jeg er et straight fuckings fyrtårn Tar to trekk, jeg er helt gone Tunge bars, må ta det i en safe nå Fortjener en payroll"
30GG,"Jeg gleder meg, jeg gleder meg Hvor skal vi nå? Chiller på Gardemoen Ja, vi chiller på Gardemoen Ja, hvor ender vi opp? Hvor ender vi opp? Shawty impressed for jeg vinner Jeg ruller inn wood og jeg chiller Jeg hopper på fly med gang Vi skal lage no' minner Bergen, Stavanger, hvor er det vi lander Men jeg kommer jo hjem 30GG for alltid Men jеg kommer jo hjem 30GG for alltid Men jеg kommer jo hjem Jeg kommer jo hjem Hvor er det vi lander? Beinplass dum Første fly bort til Bergen Leker hauk i parken, alle gutta ser og [?] stinker fra baggen 30GG til en finner i hodet, må skjønne det er på den sengen Ay det er gutta mine du ser, vi skinner Jeg er stålt, jeg tror jeg må bragge"
Askeladden,"Yeah Gæs i mitt system Ække no problem Jeg er gæst i mitt system Ække no problem Jeg har gas i mitt system Føler meg som Askeladden Toker med min gjeng Hun kalte meg for pen Tok med meg og det ble sent Ja sett på 24/7, hun trenger discodop Ruller med en grønning tar den inn på do Yeah, det er bare sånn jeg er Lifеstylen min nei du kan ikke kommе nær Jeg bare woah (woah, woah, woah) Jeg røyker bare store trær Jeg rocker bare dyre klær Ingen her kan gjøre det som jeg og Moe kan Jeg er en ekte askeladd"
Blond,"Y-T-G (Y-T-G) Alle mine karer de har lægs, ja vi har baggere Hun ville over natt, hun var blond og var fra Sverige Det er svenske tilstander når vi puller opp Det er ti tusen lapper når vi teller opp Når jeg heller opp ta alltid 40 i min kopp Stilen min er så shpa Shittet det var så bra De spør meg om jeg alltid har Jeg svarer jeg har alltid mann Det er gjengen min, får alltid mann Det er gjengen min, får alltid mann Store bank, ta lille bank Jeg har jobba hardt bro, det er store tall Store tall jeg løper opp, stor fangst jeg trekker opp Aldri sulten bro jeg lever grovt, jeg lever lavish Kjapt tur til København og criben er gigantisk Trekker på raketter ja de varer jo for alltid"
M-2,"Åh, åh, åh, åh Jeg bare går inn Fire mæber på meg Alle sammen vil ha ordnings Åh, åh, åh, åh Røyker mornings Bare ordnings Shit som er ulovlig Stacker no' bands, jeg fanger gryn Hitter min cellphone, ja hun ville inn Ser opp på himmelen, ruller en til Kaller meg pretty boy, kaller meg fin Hun kaller meg pretty boy, kaller meg fin Og tiden er penger, jeg har mye tid Bro, hun kom bort mens jeg dansa Fjern som en rasta, men merka at vi passa Det hun sa, men jeg bare hører Jeg klyper meg i armen så jeg vet jeg ikke drømmer men Har jeg tid til sånt? Kanskje jeg skal jette nå Redd for å misse ut når hun roper på meg Roper på meg Roper på meg Ja, hun roper på meg"
