Title,Lyrics
My Nigga,"Mustard on the beat, ho I said that I'ma ride for my motherfuckin' nigga Most likely I'ma die with my finger on the trigger I've been grindin' outside all day with my niggas And I ain't goin' in unless I'm with my niggas My nigga, my nigga (My nigga, my nigga) My nigga, my nigga (My muthafuckin' niggas) My nigga, my nigga (My nigga, my nigga) My nigga, my nigga Yeah First thing's first, I love all my nigga This rap shit cracked and I involve my niggas You lookin' for some lean, lemme call my nigga He sell it for the high, I need all mine, nigga Some niggas smoke smoke, some niggas drink drank Got niggas on the block with the Glock that don't think I said, ""That's a nigga, back up,"" they in a bucket lapped up I got to act right if you niggas wanna act up He talkin' like a snitch, no, that ain't my nigga He trippin' off a bitch, no, that ain't my nigga Take a nigga case, yeah, that's my nigga Know him since I was eight, yeah, that's my nigga Fucked my first bitch, passed her to my nigga Hit my first lick, passed with my nigga (My nigga) Fuck them other niggas 'cause I'm down for my niggas I ride for my niggas, fuck them other niggas"
Who Do You Love?,"I'm that nigga with the plugs I'm the nigga who got homies that be sellin' drugs I'm the nigga on the back street With the fat heat, niggas better run like athletes I'm that nigga, I'm that nigga My Bank of America account got six figures I'm that nigga on the block Police pull up, I'm tryna stash the Glock You that nigga on the low-low You're the nigga, you're the one that be talkin' to the po-pos Porsche sittin' on Forgi's Niggas can't afford these The Panamera shittin' on the 9-11 I call my homies, not 911 I'm the nigga with the juice But I'll never do my nigga like Pac did Q Bitch, who do you love? Bitch, who do you love? Bitch, who do you love? Bitch, who do you love? (Champagne) Bitch, who do you love? I got a shorty name Texas Syn She got a buddy named Young JB and now you know the deal We turnt up in the studio late night That's why the songs that you hear are comin' real tight OVO crew, nigga, thought I told you If you a player in the game, this should hold you And man shout my nigga Game he just rolled through Eatin' crab out in Malibu at Nobu A lot of fools puttin' salt in the game Until these women get the notion that they runnin' the game They got money that they jumpin' on the pole to make Did ""The Motto"", took a flight to the golden state I'm the general, just makin' sure my soldiers straight Had to leave my nigga, homie got an open case But I'm big on the West like I'm big in the South So we gon' pay some people off, we gon' figure it out And my name too big, and my gang too big Young Money shit, me and Lil Wayne too big I'ma crush that ass even if it ain't too big I would pinky swear but my pinky ring too big Wassup"
BIG BANK,"My bitch drive an all-white Range Couldn't hit it if you niggas had aim Lames can't call and you a lame You had it then you lost it, Hall of Shame I can buy a Bentley, don't talk to me For a show 150, don't talk to me You ain't never helped your mans, don't talk to me You just follow all the trends, don't talk to me Ayy, I set the bar, I'm the fuckin' bar Look in the sky, I'm a fuckin' star I don't fall in love 'cause I be lovin' hard Do everything like my shirt, extra large I don't care, I'll crash a Ghost Got two cribs in two states, I be doing the most I got white-folks money that I won't blow And if you ask why, 'cause the white folks don't Big bank take lil' bank, bank Big bank take lil' bank, bank Type of money you gon' need a safe Type of money you gon' need a bank From the hood, it's type of money make you stay awake Type of money, she gon' let you put it in her face Big bank take lil' bank, bank (Yahhhhh) Big bank take lil' bank, bank"
My Nigga (Remix),"I'm talking 'bout putting on, riding out, Glocks in my ma's house Front you with that work (I done fronted niggas work—uh-oh!) You say you want that head-up, but we don't fight fair, bruh Catch you slipping from the backside, then knock you out Ace gon' stomp you out, then Buddah gon' stomp you out Nine milli pokin' out, four-fizzy pokin'gout Death Row days, show you what this West Coast about I'd die for my motherfuckin’ nigga Jump in front a bullet for my motherfuckin’ nigga On the stand, I'd lie for my motherfuckin’ nigga Rob a bank, I'd drive for my motherfuckin’ nigga, real talk I don't really fuck with too many niggas 'Cause niggas drop a dime on you like a couple nickels I be laughin’ to the bank like the fuckin’ money tickle Driving somethin' that you ain't, top off; suck a nipple And I never put a ho before my bro, don't beef over no ho And my niggas sell them keys if you can't open your door Hope you ride for my motherfuckin’ niggas When it rains, it pours; it's dry for me and my fuckin’ niggas, yeah I kill for my motherfuckin’ niggas, vice-versa Eyes red from the kush I blew; white person Got my middle finger on the trigger, and with my little finger to you niggas I swear it's fuck all y'all niggas, except my niggas Owww"
Why You Always Hatin?,"All up in my face, you not from the clique Give me space, we might rob your shit Most hate it, baby they don't love the clique I thought they love you when you make it This some other shit, yeah Yeah, yeah, this some other shit Friends and business don't mix, so I'm brotherless Tryna get back close, hit 'em with the stiff Gears I shift, make sure they feel the drift Just copped the Benzo with the tint You should know cause in every song I said this shit Yeah, in every song I said this shit I'm just, I'm just proud of my accomplishments I'm a 4Hunnid nigga, I don't care at all Have her suck dick, lick the head and all Heard you talkin' 'bout I'm real, I'm fraud Your kids and broad, they straight, you shouldn't care at all Please, please tell me why you always hatin' Why you hatin'? Please tell me why you always hatin' Please, please tell me why you always hatin' Why you hatin'? Please tell me why you always hatin' Please, please tell me why you always hatin' Why you hatin'? Please tell me why you always hatin' Please, please tell me why you always hatin' Why you hatin'? Please tell me why you always hatin'"
FDT,"Just when I thought it wouldn't get no sicker Woke up one morning and heard this weird ass mothafucka talkin' out the side of his neck Me and all my peoples, we always thought he was straight Influential mothafucka when it came to the business But now, since we know how you really feel This how we feel Fuck Donald Trump Fuck Donald Trump Yeah, nigga, fuck Donald Trump Yeah, yeah, fuck Donald Trump Yeah, fuck Donald Trump Yeah, fuck Donald Trump Yeah, nigga, fuck Donald Trump Yeah, yeah, fuck Donald Trump, yeah I like white folks, but I don't like you All the niggas in the hood wanna fight you Surprised El Chapo ain't tried to snipe you Surprised the Nation of Islam ain't tried to find you Have a rally out in L.A., we gon' fuck it up Home of the Rodney King riot, we don't give a fuck Black students, ejected from your rally, what? I'm ready to go right now, your racist ass did too much I'm 'bout to turn Black Panther Don't let Donald Trump win, that nigga cancer He too rich, he ain't got the answers He can't make decisions for this country, he gon' crash us No, we can't be a slave for him He got me appreciatin' Obama way more Hey Donald, and everyone that follows You gave us your reason to be President, but we hate yours"
Go Loko,"Mustard on the beat, ho My bitch go loco (Go loco, go loco) María, María, María Slide on a nigga with the .44 (With the .44, with the .44) Yeah, yeah, slide, slide, fo' My bitch so loco (Go loco, go loco, go loco) She bounce that ass like a lolo (Bounce that ass, bounce that ass) Bounce that ass like a lolo (Bounce that ass, bounce that ass, bounce that ass) My bitch go loco (Go loco, go loco) María, María, María Slide on a nigga with the .44 (Ah, ah, ah, ah, ah) Slide, slide, fo' (Go loco) I'll put you in a chokehold I'll pull a track out, fo' sho I like it when you touch the floor Call me for dick, not Geico Hey mamacita, hey mamacita, hey Drip too hard, don't drown on this wave (Drip) She told me to handcuff her, give her no escape Bad lil' haina, puta behave Red lipstick, black outliner on it You be leavin' clues when we fuckin' and you're blowin' You want a real nigga who got real shit in motion I want me a Wilhelmina bitch to bust it open"
Bicken Back Being Bool,"It's that motherfuckin' gangsta shit, nigga! I'm just bicken back being bool I'm just bicken back being bool I'm just bicken back being bool I'm just bicken back being bool I'm just bicken back, bicken back Bicken back, bicken back being bool I'm just bicken back, bicken back Bicken back, bicken back being bool Pull up on the block, like, ""What!"" Fuck the police, niggas better call the SWAT I ain't never played with the pot I was in your house tryin' to find a spot to extend my knots I went to jail for a flock, came home with a strike You went to jail as a bitch, came home as a dyke Nigga, yikes! I don't play that shit Wifey like SEGA; I don't play that bitch I’m a real Bompton nigga with a motherfuckin' attitude Walk up in the spot, you would think that a nigga mad at you I was on the block chillin'; homies, what's the mission? Came back in a quickness, hoping there wasn't no witness And they came back shootin' My homies went back shootin' Ain’t nobody hittin' nothing, man, this shit getting stupid And my homies with the news, so they grabbed that tool This all started from a day of niggas bicken back being bool"
"Left, Right","Girl Girl, girl, girl Y'all know who I am, right? Sup girl? Let's go! Okay, okay, okay Told her bust it open she said: ""okay!"" But what she wearing? Chanel and Dolce How she want it? Beat up like O.J Skurt, skurt on a bitch nigga How much time do you got for a rich nigga? I need action while I'm relaxin' and the bitch knows gymnastics So she can divide her legs on this dick like a fraction, right? Right, left, hit 'em with that right, left I got that best stroker, I don't need no pipe test My dick work girl I don't need no mic check No panties on, I can see your pussy through that white dress I ain't trippin' baby girl, make that money Cause if I fuck her right she just might give some to me And better yet, fuck with me for better sex I know all the right spots to keep that punani wet"
