Title,Lyrics
Vai Nova,"On sait pas, on sait plus, j'sais pas Il était pas là lui ? Attends Tu veux que j'te raconte quoi d't'façon ? Baba, je traîne seul, j'perds Rien ne va plus, j'ai le croupier dans l'viseur Et c'que j'récupère c'est quinte, y a R J'suis pas trop streamé, dans le bloc pendant dix heures Et où sont mes potes ? Le bon temps me manque (ouh, ha) J'vais péter un plomb, j'ai la street sur l'épaule Et ma p'tite sur les côtes J'suis fidèle mais bon j'peux pas quitter mes tours, quitter mes tours L'odeur du cash dans la tour le diable m'a laissé le 22 (bah ouais) J'suis perdu baba, j't'avoue j'ai rien vu, il m'a placé la feinte (c'est rien) Y a rien baba, des chiens qui rêvent de m'abattre Qu'ils viennent par là, YL va faire un carnage Moi, tout c'que j'veux, c'est m'en sortir, baba, eux ils veulent pas Ils pourront jamais me détruire, bonhomme comme baba Moi, j'n'ai pas de grand dans la street, j'n'ai que toi baba Dargaz l3ali, j'suis kabyle , a vava inouva"
Sicario,"Ouais, bébé, j'raconte pas mes malheurs Prise en chasse et galères mais j'te promets, j'rappelle t'à l'heure Moi, c'est la street qui m'a fait et qui va m'faire, bloqué dans l'barrio J'peux en estimer la valeur comme un putain d'sicario Pris au piège, on compte pas parler, rebeu, c'est la conquête de Palerme Au fond du cabaret, j'entends son nom, je claque un salaire J'suis comme perdu devant eux, perturbé, mon Dieu Non, y a plus de vertu dans mon cœur, perdu, j'me mets bleu Négro, puissantes sont mes colères, puissants sont mes collègues Vas-y, raconte-moi tes galères, moi, c'est prise en chasse et mal-être J'ai trop perdu, maman l'sait J'suis ton ami quand faut t'avancer, j'suis ton ami quand faut t'avancer Hanani, tu veux m'arroser Le mauvais œil, ils nous l'ont jeté, j'l'ai ramassé, eh, eh Parle pas du biff qu'on a ramassé J'ai trop perdu, maman l'sait J'suis ton ami quand faut t'avancer, j'suis ton ami quand faut t'avancer Hanani, tu veux m'arroser Regarde tout l'3ain qu'on a ramassé, j'en ai assez, eh, eh Parle pas du biff qu'on a ramassé"
Fruit d’mon époque,"Si le butin est gros, je veux ma part en shit Et si dans les geôles, ils ressortent les appels de ma puce, je ferme ma gueule à part entière Le seigneur est grand, je te le garantis Tes imbéciles de potes sont pas rentables Je me fais payer par le patron de la boîte, car sans moi sa putain de boîte n’est pas remplie Et dire qu’avant ça je pouvais pas rentrer Me demande pas ce qu’il y a, Jack et Daniel me font vaciller Vécu d’un jeune de Massilia, j’ai déjà quelques amis calcinés Ah ouais c’est pas le cinoche, trouvez l'Sheitan dans ce bal sinistre Disparition comme à Baltimore, l’ange de la muerte n’est pas timide Le truc je l’ai volé à l’un, bien-sûr que je l’ai vendu à l’autre Tes anciens sont toujours en retard, on remet les pendules à l’heure Nous, on ne s’est pas vendu à l’un, on ne s’est pas vendu à l’autre On ne s’est pas rendu à l’est, on va pas se rendre jusqu’à l’aube J’leur ai préparé des bails sales, tah les bails sombres, tah le Barça Coffrer ma sel3a dans le caleçon , de toute façon j’suis bon qu’à ça J’attends de votre part aucun conseil sur ma tactique, je veux ma recette On me connaît déjà, je suis Larlar, je suis Air Bel, je suis Marseille Mauvaise ambiance, on fait les choses sans se vanter Bon sang on fait du bon taff, c’est ce que les grands nous ont montré Toute la night, j'vois ses textos, j'vois ses appels sur mon phone-tél Fonce-dé, pas le temps pour elle J’vais au studio, j'retourne bosser"
Nina,"Ah bah ouais, Bersa Nina, Nina, Nina Nina, Nina, Nina Nina, Nina, Nina Nina, Nina, Nina Nina, Nina, Nina Nina, Nina, Nina, personne me regarde comme toi, t’es nia nia nia, perso, je ne vois que toi C’est minable, minable, minable mais j'rentrerai pas ce soir-là, non, Nina, Nina, Nina Parce que dans le coffre, y avait d'la cocaina-ina-ina Garde à v’, parquet, Beaumettes Bâtard passe la pommade, vaillant rentre la fumette Parlu, daronne en pleurs, deviens méchant, c’est mieux Blasé toute la semaine, gazé dans la cellule P’tit frère part à l’école, week-end, vi-ser tous les camés Terrain cramé à l’éthanol, claquage de porte, faut détaler Porté sur la parole, j’ai les bons comptes, les bons amis Porté sur l’apparence même en promenade pour des années Nina, Nina, Nina, ouais, t’es pas comme ces biatchs, ouais Je crois qu'j’ai raté le virage ouais, j'pense à toi quand je pillave, ouais Je le fais jamais bien, non je te fais toujours mal J’ferai toujours la même merde, mais j's'rai toujours là"
Elle me ment,"Je l'ai senti mal, j'ai plus de sentiments Déjà qu'on s'mitonne, s'il te plaît parles moi gentillement On fais que se mentir, tu m'dis jamais ou t'es Tu ne sais pas ou j'suis notre relation est floutée Mais non ma sarrazine, J'suis pas résigné J'ai l'coeur en ciment, c'est dur de se réconcilier Fais pas ton cinoche, dis moi c'est qui ce mec Dis moi que tu m'aimes plus, que j'retourne à mon business Ça sert à quoi tous ces mitos ? J'ai plus le temps, j'ai plus l'inspi, ça me gave Ça sert à quoi tous ces mitos ? J'ai plus le temps, j'ai plus l'inspi, ça me gave Et on ce mitonne autant qu'on se manque J'pense à t'éviter mais j'ressens le manque Pas de vérités entre nous ma grande, oui aaaah J'tai bien menti ouais ouais, tu m'as menti ouais J'tai bien menti ouais ouais, tu m'as menti ouais J'tai bien menti ouais ouais, tu m'as menti ouais J'tai bien menti ouais ouais, et on est quitte ouais ouais"
Marseille All Star (Narcos),"Je vois qu'ils ont pas de personnalité Swagg de pédophile, pas d'originalité Tous mes guirris du sud et de la Caste' Toi, si t'as rien fais de ta vie, revendique pas la criminalité Pas de pompe j'ai mon opinel Si t'es une trompette j'suis un criminel Dose, dose, shit et beuh dans mon tabac Dose pas trop le sirop dans ma Vodka Vodka sec, amnesia sec, pas de pec' Tors nu au tiek tous comme Zepek Parle à mon glock ma tête est malade La balance qui est chargé dans l'coffre passe une sale balade J'vais prendre un billet sur la verte, je vais pas lui vendre à perte Je crois c'est un civil hendek la porte elle est ouverte Toit panoramique fais en un qui nous éclate Parce la elle temenik elle ferme son cul quand je l’éclate Monte un peu le son laisse passer mauvais garçon Le 30 dans le caleçon t'a l'heure ils m'ont mis le pinpon Je vais tourner dans la zone j'vais voir si y'a pas une folle Déterminé , que je charbonne, faut je fais rentrer la somme J'ai entendu ""arrah"" c'est deux casses couilles les civ' Prend le shit on s'arrache ça sent pas bon vers ici"
#MarseilleAllStar : Episode 2,"Viens faire un tour on a très peu d'amour, beaucoup d'shit, beaucoup d'beuh J'm'occupe d'eux, mon rêve c'est d'repeindre en rouge ces fils dep' dans la focus bleu On fuck ton buzz, mes rebeus tendent l'embuscade, remboursent avec robustesse Comme Gustavo on lâchera pas ton nom mon frère, on va mourir avec aucunes dettes Viens nous rappeler c'que t'as pas fait, en liquide en khaliss le baveu Bicrave la graine de pavot, j't'arrache ta graine de café Pour info on est calme on s'écarte de ces 'caves Tu t'prends pour un fou bah ta femme on la séquestre On laissera des séquelles, du C4 tu sais quoi pour moi t'es qu'une fiotte Demande à Kalif, Marseille c'est cali Récupère l'enveloppe au magazinier MP38 si t'y zone ne viens pas si t'y es zen les p'tits frères ils vont t'assassiner Ils ont rien à apprendre ils sont assez zonards Ramène des liasses et des liasses à la son-mai Passe un hiver dégoûtant dans le block pour que l'été se trouve un peu plus assaisonné Effrite le spé dans la Philippe Morris Y'a des armes planquées chez la nourrice On attend que les keufs pourrissent Mais j'arrive derrière toi comme Chuck Norris Igo, Diego, Armando On s'sappe chez LV pas chez Zalando J'suis talentueux passe moi le ballon gros Tu parles en détail nous on parle en gros Préviens tes putes il arrive Dibson J'souris jamais comme Daryl Dixon Fais fumer 2 wesh par ici l'cône Il t'en reste sur les lèvres comme Paris Hilton Faut brasser, brasser y'en a jamais assez Tape pas dans la C caillasse la BAC Viens pas m'embrasser non viens pas m'enlacer Midi je sors  d'gardav' j'dois refaire mes lacets Trop speed comme Dybala J'préfère une balle que 10 balafres Ca part à la gratte en New Balance Ca fume la frappe tah les XXX Ca chauffe , t'es pas là pas là t'es au tel-ho tel-ho Kala kala plus de pelos pelos Hala hala j'vous dis hello hello J'sors le kala kala dans mon tel-ho tel-ho"
On fait l’mal,"RJacksProdz J'en perds toute ma santé, mon frère Ma colère, je l'ai découverte On baise tout nous-mêmes MastaExplicit on the beat On baise tout nous-mêmes Maman me répète le proverbe : chacun de nous est éprouvé Chaque moment que je promet, je n'cesse de patienter J'en perds toute ma santé, mon frère Ma colère, je l'ai découverte Même pas treize piges, on baise tout l'monde, même... Mauvaise graine, mauve est le billet Mauvaise nuit, que des mauvaises nouvelles En vingt piges de merdes, j'en ai beaucoup appris sur les miens et les autres et ça changera jamais Générer des loves dans la street, ça implique nécessairement de causer du tort à sa mère Le bruit des sirènes, y'a les condés, ça court L'estomac serré si ils trouvent la sacoche Quand t'es pas rassuré, nous, on trouvait ça cool, on trouvait ça court quand tu trouvais ça gore Ton amitié d'merde dis-moi combien ça coûte Que j'te tende la main pour qu'ensuite tu m'la coupes Que des hayaouanes, prêts à tout pour soulever la coupe Sans aucune pudeur et ça coupe Nous, on fait l'principal : le frigo est rempli, le loyer est payé, le principe est àl' Y'a qu'pour la famille qu'on est persévérant, j'les regarde, pour des putes, se précipiter dans le gouffre J'ai passé ma vie dans le doute, jusqu'à m'habituer à mon incertitude Ma colère fait ressortir mes cervicales, mon p'tit frère veut s'acheter un Desert Eagle On attend l'hiver pour se refaire, motivés par l'envie de bouger cet été Que d'la Grey Goose dans la bouteille de Fanta, les mêmes personnes qui m'écoutent me répéter Les journées m'assomment, les années me servent de leçon Mes ennemis me servent, ils le savent Mes pensées, tout seul dans le sombre, l'impression que ma cervelle est sale C'est d'la faute à mes rêves et tout c'que j'ai fais pour les vivre, les souvenirs sont partis et vite Ma bouteille est pleine, frangin, j'en ai gros sur le cœur quand j'vois que le quartier est vide"
