Title,Lyrics
BERMUDA TRIANGLE,"손목에 Rolex 이젠 boring 길거릴 도배해 우리 노랜 놀이라 보기엔 이건 범죄 Don't let 'em in, let 'em in Get out my zone We, we, we never know We, we, we never talk 'Cause we, we, we criminal Don't let 'em in, let 'em in Get out my zone Who? 3FANXY's in here 삽 대신 마이크 쥐고 한 곳만 팠던 idiots What we do? 툭 냈다 하면, boom 불과 몇 년 후 자연스레 장악한 media 뭉치면 닥치고 있어도 콘텐츠, huh 뭔 일이 난 거야 92년도엔, huh 역시나 과시는 부담 없는 소재, huh 얘들아 빡치면 인터넷 접속해 Anybody, anybody 오브제 역할이 왜 넘봐 메인 자리 세대를 뒤바꿔 대세가 되어 네 장래희망이 된 세 얼간이 Not cocky 하루 동선은 무대 위 또는 작업실 life of 오천만 분의 일 Hakuna Matata 날개 쳐 파드닥 Get money, get famous, yeah, it's our time"
FANXY CHILD,"Life is what you make of it 남보다 한 페이지 일찍 넘겨 고등래퍼 땐 이미 작업한 뒤 with Swings and Verbal 나의 잠재력 눈치 까고 서둘러 죽이려던 놈들 간곡한 부탁 다 거절 놓고 다음 광고 콘티를 훑고 있어 흥미 없어요 집 공개는, yeah 내가 날 가졌기 때문, yeah 네 정서를 배려하는 차원에서 수입에 대한 건 노코멘트, yeah Go back to 2014 아무도 몰랐지 편견은 반전 줄 때 효과 있지 I was 24 at Show Me 4 and I be 26 at Season 6 미디어와 내 안목을 합치면 it will be big benefit 껄끄러운 인간관계는 정리할게 여지없이 왜냐 빛이 강한 곳 주변엔 늘 벌레들이 득실이니 You get it, Fanxy You can't handle FANXY CHILD You can't handle FANXY CHILD I don't like your fashion style 다 뒤처지느라 고생이 많다"
She’s A Baby,믿을 수가 없어 난생 처음인 걸 이만큼 쏟아부었던 적 퉁명스러운 말투 숨겨놓은 그 마음을 입맞춤으로 눈치챘어 특별해 좀 인정해 온갖 참견이 너만 지목해 It's okay 내가 이제 하루 종일 돌봐줄게 She's a baby 알고 보면 애기 혼자 두면 큰일 나요 All day 때찌때찌 털끝 하나 건드렸담 봐 Let her sleep well yeah 잘 들어 손 안 쓰고 간지럼 태울게 좋아해란 말은 그만 관둘래 얼마 못 가서 넌 날 엄청나게 사랑하게 될 거야 이렇게 행복할 땐 뒤도는 거 아니야 ah ah How ya feel 기분 어때 고개 까딱까딱해줘
아무노래 (Any Song),"왜들 그리 다운돼있어? 뭐가 문제야? Say something 분위기가 겁나 싸해 요새는 이런 게 유행인가 왜들 그리 재미없어? 아, 그건 나도 마찬가지 Tell me what I got to do 급한 대로 Bluetooth 켜 아무 노래나 일단 틀어 아무거나 신나는 걸로 아무렇게나 춤춰 아무렇지 않아 보이게 아무 생각 하기 싫어 아무개로 살래 잠시 I’m sick and tired of my everyday Keep it up, 한 곡 더 아무 노래나 일단 틀어 (틀어) 아무렴 어때, it’s so boring (Ha) 아무래도 refresh가 시급한 듯해 쌓여가 스트레스가 배꼽 빠질 만큼만 폭소하고 싶은 날이야 What up my dawgs, 어디야 너희 올 때 병맥주랑 까까 몇 개 사 와, uh Club은 구미가 잘 안 당겨 우리 집 거실로 빨랑 모여 외부인은 요령껏 차단 시켜 밤새 수다 떨 시간도 모자라 누군 힘들어 죽겠고 누군 축제 괜히 싱숭생숭, I want my youth back 좀 전까지 왁자지껄 하다 한 명 두 명씩 자릴 떠"
ANTI,"English Translation You can’t deceive me I’ve seen your face off the screen before I’m gonna shed your make-up And let everyone know that it was all an act Why do I hate I don’t understand the eyes that focus on you I don’t understand the things you possess at that age Your passionate fans, the TV programs that host you The musicians that form around you, yo There’s no real incentive, no reason for my hate But my guilty conscience gets buried by the crowd No matter what efforts you made, what sufferings you went through Your success gave you the right to be insulted again I’m gonna pluck the roots of your arrogance And make your life sway Why is she dating that unclassy delinquent? Celebrities are blinded by the spotlights Deafened by the applause So they see and hear but they can’t do anything You can’t deceive me I’ve seen your face off the screen before I’m gonna shed your make-up And let everyone know that it was all an act Why do I hate you As much as you enjoy your success You need to pay a bigger price That’s all I wanna tell you about I’m not you anti anti anti baby"
